country,year,hdi
afghanistan,1990,0.285
afghanistan,1991,0.291
afghanistan,1992,0.301
afghanistan,1993,0.311
afghanistan,1994,0.305
afghanistan,1995,0.329
afghanistan,1996,0.334
afghanistan,1997,0.338
afghanistan,1998,0.338
afghanistan,1999,0.347
afghanistan,2000,0.351
afghanistan,2001,0.355
afghanistan,2002,0.383
afghanistan,2003,0.392
afghanistan,2004,0.408
afghanistan,2005,0.417
afghanistan,2006,0.426
afghanistan,2007,0.442
afghanistan,2008,0.446
afghanistan,2009,0.458
afghanistan,2010,0.465
afghanistan,2011,0.474
afghanistan,2012,0.484
afghanistan,2013,0.492
afghanistan,2014,0.497
afghanistan,2015,0.496
afghanistan,2016,0.495
afghanistan,2017,0.496
afghanistan,2018,0.498
afghanistan,2019,0.507
afghanistan,2020,0.501
afghanistan,2021,0.486
afghanistan,2022,0.495
afghanistan,2023,0.496
albania,1990,0.654
albania,1991,0.638
albania,1992,0.622
albania,1993,0.624
albania,1994,0.629
albania,1995,0.638
albania,1996,0.647
albania,1997,0.645
albania,1998,0.659
albania,1999,0.671
albania,2000,0.682
albania,2001,0.691
albania,2002,0.697
albania,2003,0.705
albania,2004,0.71
albania,2005,0.723
albania,2006,0.732
albania,2007,0.742
albania,2008,0.749
albania,2009,0.756
albania,2010,0.769
albania,2011,0.781
albania,2012,0.79
albania,2013,0.793
albania,2014,0.797
albania,2015,0.797
albania,2016,0.797
albania,2017,0.798
albania,2018,0.801
albania,2019,0.805
albania,2020,0.794
albania,2021,0.794
albania,2022,0.806
albania,2023,0.81
algeria,1990,0.595
algeria,1991,0.596
algeria,1992,0.601
algeria,1993,0.603
algeria,1994,0.603
algeria,1995,0.608
algeria,1996,0.615
algeria,1997,0.624
algeria,1998,0.634
algeria,1999,0.643
algeria,2000,0.651
algeria,2001,0.659
algeria,2002,0.669
algeria,2003,0.677
algeria,2004,0.685
algeria,2005,0.692
algeria,2006,0.698
algeria,2007,0.704
algeria,2008,0.711
algeria,2009,0.714
algeria,2010,0.718
algeria,2011,0.718
algeria,2012,0.723
algeria,2013,0.727
algeria,2014,0.732
algeria,2015,0.737
algeria,2016,0.743
algeria,2017,0.746
algeria,2018,0.749
algeria,2019,0.753
algeria,2020,0.742
algeria,2021,0.755
algeria,2022,0.761
algeria,2023,0.763
andorra,2000,0.825
andorra,2001,0.832
andorra,2002,0.838
andorra,2003,0.84
andorra,2004,0.849
andorra,2005,0.842
andorra,2006,0.851
andorra,2007,0.859
andorra,2008,0.864
andorra,2009,0.866
andorra,2010,0.87
andorra,2011,0.875
andorra,2012,0.876
andorra,2013,0.862
andorra,2014,0.866
andorra,2015,0.869
andorra,2016,0.872
andorra,2017,0.873
andorra,2018,0.875
andorra,2019,0.876
andorra,2020,0.851
andorra,2021,0.871
andorra,2022,0.893
andorra,2023,0.913
angola,1999,0.379
angola,2000,0.391
angola,2001,0.401
angola,2002,0.417
angola,2003,0.435
angola,2004,0.448
angola,2005,0.463
angola,2006,0.475
angola,2007,0.492
angola,2008,0.504
angola,2009,0.517
angola,2010,0.528
angola,2011,0.545
angola,2012,0.557
angola,2013,0.567
angola,2014,0.577
angola,2015,0.603
angola,2016,0.609
angola,2017,0.61
angola,2018,0.611
angola,2019,0.611
angola,2020,0.61
angola,2021,0.609
angola,2022,0.615
angola,2023,0.616
antigua_and_barbuda,2007,0.827
antigua_and_barbuda,2008,0.83
antigua_and_barbuda,2009,0.827
antigua_and_barbuda,2010,0.828
antigua_and_barbuda,2011,0.828
antigua_and_barbuda,2012,0.833
antigua_and_barbuda,2013,0.835
antigua_and_barbuda,2014,0.837
antigua_and_barbuda,2015,0.839
antigua_and_barbuda,2016,0.842
antigua_and_barbuda,2017,0.845
antigua_and_barbuda,2018,0.85
antigua_and_barbuda,2019,0.851
antigua_and_barbuda,2020,0.84
antigua_and_barbuda,2021,0.843
antigua_and_barbuda,2022,0.848
antigua_and_barbuda,2023,0.851
argentina,1990,0.733
argentina,1991,0.739
argentina,1992,0.743
argentina,1993,0.748
argentina,1994,0.753
argentina,1995,0.754
argentina,1996,0.76
argentina,1997,0.768
argentina,1998,0.772
argentina,1999,0.783
argentina,2000,0.789
argentina,2001,0.795
argentina,2002,0.795
argentina,2003,0.804
argentina,2004,0.808
argentina,2005,0.812
argentina,2006,0.822
argentina,2007,0.825
argentina,2008,0.833
argentina,2009,0.835
argentina,2010,0.844
argentina,2011,0.852
argentina,2012,0.85
argentina,2013,0.852
argentina,2014,0.855
argentina,2015,0.859
argentina,2016,0.857
argentina,2017,0.861
argentina,2018,0.861
argentina,2019,0.861
argentina,2020,0.851
argentina,2021,0.847
argentina,2022,0.858
argentina,2023,0.865
armenia,1990,0.663
armenia,1991,0.652
armenia,1992,0.618
armenia,1993,0.621
armenia,1994,0.625
armenia,1995,0.631
armenia,1996,0.635
armenia,1997,0.644
armenia,1998,0.655
armenia,1999,0.661
armenia,2000,0.667
armenia,2001,0.672
armenia,2002,0.682
armenia,2003,0.692
armenia,2004,0.7
armenia,2005,0.711
armenia,2006,0.725
armenia,2007,0.739
armenia,2008,0.743
armenia,2009,0.741
armenia,2010,0.747
armenia,2011,0.752
armenia,2012,0.761
armenia,2013,0.766
armenia,2014,0.772
armenia,2015,0.777
armenia,2016,0.783
armenia,2017,0.785
armenia,2018,0.789
armenia,2019,0.796
armenia,2020,0.761
armenia,2021,0.786
armenia,2022,0.801
armenia,2023,0.811
australia,1990,0.867
australia,1991,0.868
australia,1992,0.868
australia,1993,0.872
australia,1994,0.873
australia,1995,0.882
australia,1996,0.884
australia,1997,0.887
australia,1998,0.891
australia,1999,0.893
australia,2000,0.897
australia,2001,0.9
australia,2002,0.902
australia,2003,0.906
australia,2004,0.91
australia,2005,0.914
australia,2006,0.917
australia,2007,0.919
australia,2008,0.924
australia,2009,0.927
australia,2010,0.929
australia,2011,0.933
australia,2012,0.938
australia,2013,0.935
australia,2014,0.937
australia,2015,0.938
australia,2016,0.939
australia,2017,0.94
australia,2018,0.945
australia,2019,0.947
australia,2020,0.95
australia,2021,0.954
australia,2022,0.952
australia,2023,0.958
austria,1990,0.832
austria,1991,0.835
austria,1992,0.841
austria,1993,0.845
austria,1994,0.851
austria,1995,0.856
austria,1996,0.861
austria,1997,0.865
austria,1998,0.87
austria,1999,0.874
austria,2000,0.879
austria,2001,0.883
austria,2002,0.887
austria,2003,0.889
austria,2004,0.895
austria,2005,0.898
austria,2006,0.902
austria,2007,0.905
austria,2008,0.907
austria,2009,0.907
austria,2010,0.912
austria,2011,0.915
austria,2012,0.916
austria,2013,0.915
austria,2014,0.919
austria,2015,0.919
austria,2016,0.921
austria,2017,0.922
austria,2018,0.925
austria,2019,0.928
austria,2020,0.925
austria,2021,0.93
austria,2022,0.927
austria,2023,0.93
azerbaijan,1995,0.618
azerbaijan,1996,0.622
azerbaijan,1997,0.626
azerbaijan,1998,0.636
azerbaijan,1999,0.646
azerbaijan,2000,0.652
azerbaijan,2001,0.66
azerbaijan,2002,0.669
azerbaijan,2003,0.676
azerbaijan,2004,0.682
azerbaijan,2005,0.692
azerbaijan,2006,0.711
azerbaijan,2007,0.72
azerbaijan,2008,0.731
azerbaijan,2009,0.74
azerbaijan,2010,0.744
azerbaijan,2011,0.746
azerbaijan,2012,0.751
azerbaijan,2013,0.757
azerbaijan,2014,0.766
azerbaijan,2015,0.771
azerbaijan,2016,0.772
azerbaijan,2017,0.774
azerbaijan,2018,0.775
azerbaijan,2019,0.78
azerbaijan,2020,0.757
azerbaijan,2021,0.765
azerbaijan,2022,0.784
azerbaijan,2023,0.789
bahamas,1990,0.762
bahamas,1991,0.762
bahamas,1992,0.762
bahamas,1993,0.763
bahamas,1994,0.765
bahamas,1995,0.774
bahamas,1996,0.779
bahamas,1997,0.773
bahamas,1998,0.777
bahamas,1999,0.783
bahamas,2000,0.787
bahamas,2001,0.79
bahamas,2002,0.793
bahamas,2003,0.794
bahamas,2004,0.795
bahamas,2005,0.798
bahamas,2006,0.8
bahamas,2007,0.801
bahamas,2008,0.801
bahamas,2009,0.8
bahamas,2010,0.801
bahamas,2011,0.802
bahamas,2012,0.805
bahamas,2013,0.805
bahamas,2014,0.807
bahamas,2015,0.807
bahamas,2016,0.808
bahamas,2017,0.81
bahamas,2018,0.812
bahamas,2019,0.8
bahamas,2020,0.797
bahamas,2021,0.794
bahamas,2022,0.818
bahamas,2023,0.82
bahrain,1990,0.734
bahrain,1991,0.728
bahrain,1992,0.728
bahrain,1993,0.732
bahrain,1994,0.732
bahrain,1995,0.737
bahrain,1996,0.741
bahrain,1997,0.746
bahrain,1998,0.754
bahrain,1999,0.761
bahrain,2000,0.775
bahrain,2001,0.785
bahrain,2002,0.791
bahrain,2003,0.799
bahrain,2004,0.795
bahrain,2005,0.791
bahrain,2006,0.795
bahrain,2007,0.8
bahrain,2008,0.804
bahrain,2009,0.804
bahrain,2010,0.81
bahrain,2011,0.817
bahrain,2012,0.833
bahrain,2013,0.846
bahrain,2014,0.847
bahrain,2015,0.868
bahrain,2016,0.871
bahrain,2017,0.874
bahrain,2018,0.886
bahrain,2019,0.894
bahrain,2020,0.885
bahrain,2021,0.885
bahrain,2022,0.902
bahrain,2023,0.899
bangladesh,1990,0.397
bangladesh,1991,0.395
bangladesh,1992,0.411
bangladesh,1993,0.419
bangladesh,1994,0.426
bangladesh,1995,0.434
bangladesh,1996,0.442
bangladesh,1997,0.451
bangladesh,1998,0.459
bangladesh,1999,0.468
bangladesh,2000,0.477
bangladesh,2001,0.486
bangladesh,2002,0.494
bangladesh,2003,0.503
bangladesh,2004,0.511
bangladesh,2005,0.52
bangladesh,2006,0.527
bangladesh,2007,0.534
bangladesh,2008,0.538
bangladesh,2009,0.551
bangladesh,2010,0.561
bangladesh,2011,0.572
bangladesh,2012,0.583
bangladesh,2013,0.589
bangladesh,2014,0.6
bangladesh,2015,0.621
bangladesh,2016,0.632
bangladesh,2017,0.633
bangladesh,2018,0.646
bangladesh,2019,0.656
bangladesh,2020,0.663
bangladesh,2021,0.663
bangladesh,2022,0.68
bangladesh,2023,0.685
barbados,1990,0.73
barbados,1991,0.732
barbados,1992,0.732
barbados,1993,0.735
barbados,1994,0.74
barbados,1995,0.744
barbados,1996,0.748
barbados,1997,0.752
barbados,1998,0.754
barbados,1999,0.756
barbados,2000,0.762
barbados,2001,0.763
barbados,2002,0.767
barbados,2003,0.771
barbados,2004,0.775
barbados,2005,0.779
barbados,2006,0.783
barbados,2007,0.79
barbados,2008,0.794
barbados,2009,0.798
barbados,2010,0.797
barbados,2011,0.794
barbados,2012,0.797
barbados,2013,0.798
barbados,2014,0.799
barbados,2015,0.8
barbados,2016,0.803
barbados,2017,0.804
barbados,2018,0.806
barbados,2019,0.808
barbados,2020,0.803
barbados,2021,0.803
barbados,2022,0.807
barbados,2023,0.811
belarus,1995,0.692
belarus,1996,0.697
belarus,1997,0.704
belarus,1998,0.709
belarus,1999,0.716
belarus,2000,0.724
belarus,2001,0.731
belarus,2002,0.738
belarus,2003,0.747
belarus,2004,0.758
belarus,2005,0.767
belarus,2006,0.777
belarus,2007,0.786
belarus,2008,0.796
belarus,2009,0.798
belarus,2010,0.803
belarus,2011,0.812
belarus,2012,0.818
belarus,2013,0.821
belarus,2014,0.825
belarus,2015,0.825
belarus,2016,0.825
belarus,2017,0.828
belarus,2018,0.827
belarus,2019,0.826
belarus,2020,0.815
belarus,2021,0.817
belarus,2022,0.824
belarus,2023,0.824
belgium,1990,0.824
belgium,1991,0.829
belgium,1992,0.845
belgium,1993,0.86
belgium,1994,0.868
belgium,1995,0.875
belgium,1996,0.881
belgium,1997,0.884
belgium,1998,0.886
belgium,1999,0.889
belgium,2000,0.894
belgium,2001,0.899
belgium,2002,0.901
belgium,2003,0.903
belgium,2004,0.909
belgium,2005,0.911
belgium,2006,0.913
belgium,2007,0.916
belgium,2008,0.917
belgium,2009,0.919
belgium,2010,0.921
belgium,2011,0.923
belgium,2012,0.923
belgium,2013,0.925
belgium,2014,0.93
belgium,2015,0.933
belgium,2016,0.936
belgium,2017,0.94
belgium,2018,0.942
belgium,2019,0.945
belgium,2020,0.939
belgium,2021,0.948
belgium,2022,0.945
belgium,2023,0.951
belize,1990,0.617
belize,1991,0.626
belize,1992,0.634
belize,1993,0.64
belize,1994,0.643
belize,1995,0.647
belize,1996,0.65
belize,1997,0.654
belize,1998,0.657
belize,1999,0.664
belize,2000,0.671
belize,2001,0.676
belize,2002,0.686
belize,2003,0.696
belize,2004,0.703
belize,2005,0.7
belize,2006,0.713
belize,2007,0.718
belize,2008,0.72
belize,2009,0.724
belize,2010,0.727
belize,2011,0.725
belize,2012,0.727
belize,2013,0.724
belize,2014,0.721
belize,2015,0.721
belize,2016,0.727
belize,2017,0.722
belize,2018,0.723
belize,2019,0.725
belize,2020,0.713
belize,2021,0.713
belize,2022,0.717
belize,2023,0.721
benin,1990,0.351
benin,1991,0.358
benin,1992,0.363
benin,1993,0.371
benin,1994,0.375
benin,1995,0.383
benin,1996,0.389
benin,1997,0.396
benin,1998,0.401
benin,1999,0.407
benin,2000,0.415
benin,2001,0.426
benin,2002,0.435
benin,2003,0.442
benin,2004,0.449
benin,2005,0.456
benin,2006,0.462
benin,2007,0.469
benin,2008,0.475
benin,2009,0.48
benin,2010,0.485
benin,2011,0.49
benin,2012,0.497
benin,2013,0.506
benin,2014,0.509
benin,2015,0.511
benin,2016,0.51
benin,2017,0.507
benin,2018,0.507
benin,2019,0.507
benin,2020,0.504
benin,2021,0.506
benin,2022,0.512
benin,2023,0.515
bhutan,2010,0.593
bhutan,2011,0.603
bhutan,2012,0.609
bhutan,2013,0.616
bhutan,2014,0.626
bhutan,2015,0.637
bhutan,2016,0.647
bhutan,2017,0.656
bhutan,2018,0.667
bhutan,2019,0.68
bhutan,2020,0.688
bhutan,2021,0.691
bhutan,2022,0.695
bhutan,2023,0.698
bolivia_plurinational_state_of,1990,0.552
bolivia_plurinational_state_of,1991,0.561
bolivia_plurinational_state_of,1992,0.568
bolivia_plurinational_state_of,1993,0.577
bolivia_plurinational_state_of,1994,0.586
bolivia_plurinational_state_of,1995,0.594
bolivia_plurinational_state_of,1996,0.602
bolivia_plurinational_state_of,1997,0.61
bolivia_plurinational_state_of,1998,0.618
bolivia_plurinational_state_of,1999,0.624
bolivia_plurinational_state_of,2000,0.63
bolivia_plurinational_state_of,2001,0.639
bolivia_plurinational_state_of,2002,0.642
bolivia_plurinational_state_of,2003,0.645
bolivia_plurinational_state_of,2004,0.648
bolivia_plurinational_state_of,2005,0.658
bolivia_plurinational_state_of,2006,0.656
bolivia_plurinational_state_of,2007,0.664
bolivia_plurinational_state_of,2008,0.668
bolivia_plurinational_state_of,2009,0.671
bolivia_plurinational_state_of,2010,0.677
bolivia_plurinational_state_of,2011,0.683
bolivia_plurinational_state_of,2012,0.685
bolivia_plurinational_state_of,2013,0.699
bolivia_plurinational_state_of,2014,0.701
bolivia_plurinational_state_of,2015,0.704
bolivia_plurinational_state_of,2016,0.714
bolivia_plurinational_state_of,2017,0.715
bolivia_plurinational_state_of,2018,0.722
bolivia_plurinational_state_of,2019,0.728
bolivia_plurinational_state_of,2020,0.697
bolivia_plurinational_state_of,2021,0.693
bolivia_plurinational_state_of,2022,0.727
bolivia_plurinational_state_of,2023,0.733
bosnia_and_herzegovina,2000,0.674
bosnia_and_herzegovina,2001,0.677
bosnia_and_herzegovina,2002,0.683
bosnia_and_herzegovina,2003,0.689
bosnia_and_herzegovina,2004,0.694
bosnia_and_herzegovina,2005,0.698
bosnia_and_herzegovina,2006,0.701
bosnia_and_herzegovina,2007,0.709
bosnia_and_herzegovina,2008,0.719
bosnia_and_herzegovina,2009,0.722
bosnia_and_herzegovina,2010,0.725
bosnia_and_herzegovina,2011,0.731
bosnia_and_herzegovina,2012,0.742
bosnia_and_herzegovina,2013,0.756
bosnia_and_herzegovina,2014,0.765
bosnia_and_herzegovina,2015,0.769
bosnia_and_herzegovina,2016,0.776
bosnia_and_herzegovina,2017,0.78
bosnia_and_herzegovina,2018,0.785
bosnia_and_herzegovina,2019,0.788
bosnia_and_herzegovina,2020,0.783
bosnia_and_herzegovina,2021,0.783
bosnia_and_herzegovina,2022,0.799
bosnia_and_herzegovina,2023,0.804
botswana,1990,0.59
botswana,1991,0.59
botswana,1992,0.589
botswana,1993,0.588
botswana,1994,0.58
botswana,1995,0.583
botswana,1996,0.584
botswana,1997,0.587
botswana,1998,0.588
botswana,1999,0.592
botswana,2000,0.594
botswana,2001,0.595
botswana,2002,0.594
botswana,2003,0.602
botswana,2004,0.608
botswana,2005,0.616
botswana,2006,0.627
botswana,2007,0.64
botswana,2008,0.645
botswana,2009,0.644
botswana,2010,0.652
botswana,2011,0.661
botswana,2012,0.667
botswana,2013,0.676
botswana,2014,0.685
botswana,2015,0.69
botswana,2016,0.696
botswana,2017,0.704
botswana,2018,0.71
botswana,2019,0.718
botswana,2020,0.718
botswana,2021,0.7
botswana,2022,0.729
botswana,2023,0.731
brazil,1990,0.641
brazil,1991,0.645
brazil,1992,0.648
brazil,1993,0.654
brazil,1994,0.659
brazil,1995,0.666
brazil,1996,0.671
brazil,1997,0.676
brazil,1998,0.68
brazil,1999,0.684
brazil,2000,0.69
brazil,2001,0.694
brazil,2002,0.7
brazil,2003,0.705
brazil,2004,0.712
brazil,2005,0.718
brazil,2006,0.725
brazil,2007,0.732
brazil,2008,0.739
brazil,2009,0.742
brazil,2010,0.748
brazil,2011,0.753
brazil,2012,0.758
brazil,2013,0.762
brazil,2014,0.765
brazil,2015,0.764
brazil,2016,0.765
brazil,2017,0.77
brazil,2018,0.774
brazil,2019,0.776
brazil,2020,0.77
brazil,2021,0.768
brazil,2022,0.78
brazil,2023,0.786
brunei_darussalam,1990,0.781
brunei_darussalam,1991,0.782
brunei_darussalam,1992,0.782
brunei_darussalam,1993,0.783
brunei_darussalam,1994,0.782
brunei_darussalam,1995,0.784
brunei_darussalam,1996,0.784
brunei_darussalam,1997,0.785
brunei_darussalam,1998,0.785
brunei_darussalam,1999,0.79
brunei_darussalam,2000,0.792
brunei_darussalam,2001,0.794
brunei_darussalam,2002,0.798
brunei_darussalam,2003,0.804
brunei_darussalam,2004,0.81
brunei_darussalam,2005,0.814
brunei_darussalam,2006,0.819
brunei_darussalam,2007,0.822
brunei_darussalam,2008,0.824
brunei_darussalam,2009,0.828
brunei_darussalam,2010,0.83
brunei_darussalam,2011,0.834
brunei_darussalam,2012,0.841
brunei_darussalam,2013,0.842
brunei_darussalam,2014,0.841
brunei_darussalam,2015,0.839
brunei_darussalam,2016,0.838
brunei_darussalam,2017,0.837
brunei_darussalam,2018,0.837
brunei_darussalam,2019,0.835
brunei_darussalam,2020,0.836
brunei_darussalam,2021,0.835
brunei_darussalam,2022,0.825
brunei_darussalam,2023,0.837
bulgaria,1990,0.706
bulgaria,1991,0.706
bulgaria,1992,0.709
bulgaria,1993,0.711
bulgaria,1994,0.713
bulgaria,1995,0.709
bulgaria,1996,0.718
bulgaria,1997,0.713
bulgaria,1998,0.723
bulgaria,1999,0.728
bulgaria,2000,0.733
bulgaria,2001,0.742
bulgaria,2002,0.753
bulgaria,2003,0.762
bulgaria,2004,0.769
bulgaria,2005,0.775
bulgaria,2006,0.779
bulgaria,2007,0.785
bulgaria,2008,0.791
bulgaria,2009,0.793
bulgaria,2010,0.799
bulgaria,2011,0.803
bulgaria,2012,0.807
bulgaria,2013,0.815
bulgaria,2014,0.819
bulgaria,2015,0.824
bulgaria,2016,0.827
bulgaria,2017,0.829
bulgaria,2018,0.832
bulgaria,2019,0.835
bulgaria,2020,0.826
bulgaria,2021,0.817
bulgaria,2022,0.835
bulgaria,2023,0.845
burkina_faso,2005,0.333
burkina_faso,2006,0.34
burkina_faso,2007,0.344
burkina_faso,2008,0.357
burkina_faso,2009,0.366
burkina_faso,2010,0.377
burkina_faso,2011,0.389
burkina_faso,2012,0.398
burkina_faso,2013,0.405
burkina_faso,2014,0.409
burkina_faso,2015,0.419
burkina_faso,2016,0.427
burkina_faso,2017,0.438
burkina_faso,2018,0.449
burkina_faso,2019,0.453
burkina_faso,2020,0.453
burkina_faso,2021,0.454
burkina_faso,2022,0.457
burkina_faso,2023,0.459
burundi,1990,0.294
burundi,1991,0.296
burundi,1992,0.294
burundi,1993,0.265
burundi,1994,0.298
burundi,1995,0.294
burundi,1996,0.292
burundi,1997,0.297
burundi,1998,0.303
burundi,1999,0.306
burundi,2000,0.308
burundi,2001,0.311
burundi,2002,0.324
burundi,2003,0.332
burundi,2004,0.344
burundi,2005,0.352
burundi,2006,0.376
burundi,2007,0.389
burundi,2008,0.401
burundi,2009,0.409
burundi,2010,0.416
burundi,2011,0.42
burundi,2012,0.425
burundi,2013,0.428
burundi,2014,0.431
burundi,2015,0.432
burundi,2016,0.436
burundi,2017,0.434
burundi,2018,0.434
burundi,2019,0.435
burundi,2020,0.435
burundi,2021,0.435
burundi,2022,0.437
burundi,2023,0.439
cabo_verde,2000,0.585
cabo_verde,2001,0.591
cabo_verde,2002,0.6
cabo_verde,2003,0.606
cabo_verde,2004,0.61
cabo_verde,2005,0.616
cabo_verde,2006,0.631
cabo_verde,2007,0.636
cabo_verde,2008,0.643
cabo_verde,2009,0.644
cabo_verde,2010,0.648
cabo_verde,2011,0.654
cabo_verde,2012,0.655
cabo_verde,2013,0.66
cabo_verde,2014,0.659
cabo_verde,2015,0.658
cabo_verde,2016,0.661
cabo_verde,2017,0.663
cabo_verde,2018,0.663
cabo_verde,2019,0.667
cabo_verde,2020,0.647
cabo_verde,2021,0.651
cabo_verde,2022,0.664
cabo_verde,2023,0.668
cambodia,1990,0.387
cambodia,1991,0.392
cambodia,1992,0.396
cambodia,1993,0.399
cambodia,1994,0.4
cambodia,1995,0.404
cambodia,1996,0.408
cambodia,1997,0.414
cambodia,1998,0.419
cambodia,1999,0.429
cambodia,2000,0.438
cambodia,2001,0.453
cambodia,2002,0.473
cambodia,2003,0.488
cambodia,2004,0.502
cambodia,2005,0.514
cambodia,2006,0.525
cambodia,2007,0.534
cambodia,2008,0.539
cambodia,2009,0.539
cambodia,2010,0.543
cambodia,2011,0.547
cambodia,2012,0.551
cambodia,2013,0.554
cambodia,2014,0.557
cambodia,2015,0.562
cambodia,2016,0.57
cambodia,2017,0.578
cambodia,2018,0.586
cambodia,2019,0.593
cambodia,2020,0.595
cambodia,2021,0.594
cambodia,2022,0.602
cambodia,2023,0.606
cameroon,1990,0.448
cameroon,1991,0.445
cameroon,1992,0.442
cameroon,1993,0.436
cameroon,1994,0.434
cameroon,1995,0.433
cameroon,1996,0.432
cameroon,1997,0.432
cameroon,1998,0.433
cameroon,1999,0.434
cameroon,2000,0.439
cameroon,2001,0.458
cameroon,2002,0.458
cameroon,2003,0.465
cameroon,2004,0.47
cameroon,2005,0.472
cameroon,2006,0.473
cameroon,2007,0.485
cameroon,2008,0.501
cameroon,2009,0.516
cameroon,2010,0.529
cameroon,2011,0.538
cameroon,2012,0.549
cameroon,2013,0.558
cameroon,2014,0.566
cameroon,2015,0.575
cameroon,2016,0.579
cameroon,2017,0.581
cameroon,2018,0.582
cameroon,2019,0.582
cameroon,2020,0.579
cameroon,2021,0.574
cameroon,2022,0.581
cameroon,2023,0.588
canada,1990,0.865
canada,1991,0.868
canada,1992,0.873
canada,1993,0.871
canada,1994,0.877
canada,1995,0.881
canada,1996,0.884
canada,1997,0.884
canada,1998,0.883
canada,1999,0.888
canada,2000,0.894
canada,2001,0.897
canada,2002,0.899
canada,2003,0.902
canada,2004,0.906
canada,2005,0.909
canada,2006,0.913
canada,2007,0.914
canada,2008,0.916
canada,2009,0.915
canada,2010,0.918
canada,2011,0.921
canada,2012,0.927
canada,2013,0.93
canada,2014,0.932
canada,2015,0.932
canada,2016,0.933
canada,2017,0.935
canada,2018,0.935
canada,2019,0.937
canada,2020,0.931
canada,2021,0.937
canada,2022,0.935
canada,2023,0.939
central_african_republic,1990,0.342
central_african_republic,1991,0.336
central_african_republic,1992,0.321
central_african_republic,1993,0.321
central_african_republic,1994,0.323
central_african_republic,1995,0.326
central_african_republic,1996,0.323
central_african_republic,1997,0.325
central_african_republic,1998,0.328
central_african_republic,1999,0.332
central_african_republic,2000,0.333
central_african_republic,2001,0.335
central_african_republic,2002,0.337
central_african_republic,2003,0.338
central_african_republic,2004,0.342
central_african_republic,2005,0.346
central_african_republic,2006,0.35
central_african_republic,2007,0.356
central_african_republic,2008,0.362
central_african_republic,2010,0.358
central_african_republic,2011,0.377
central_african_republic,2012,0.385
central_african_republic,2013,0.359
central_african_republic,2014,0.319
central_african_republic,2015,0.377
central_african_republic,2016,0.376
central_african_republic,2017,0.356
central_african_republic,2018,0.391
central_african_republic,2019,0.279
central_african_republic,2020,0.386
central_african_republic,2021,0.339
central_african_republic,2023,0.414
chad,2000,0.303
chad,2001,0.313
chad,2002,0.32
chad,2003,0.32
chad,2004,0.338
chad,2005,0.339
chad,2006,0.339
chad,2007,0.35
chad,2008,0.354
chad,2009,0.369
chad,2010,0.375
chad,2011,0.384
chad,2012,0.391
chad,2013,0.396
chad,2014,0.401
chad,2015,0.396
chad,2016,0.396
chad,2017,0.397
chad,2018,0.402
chad,2019,0.406
chad,2020,0.408
chad,2021,0.408
chad,2022,0.414
chad,2023,0.416
chile,1990,0.718
chile,1991,0.723
chile,1992,0.73
chile,1993,0.725
chile,1994,0.73
chile,1995,0.739
chile,1996,0.745
chile,1997,0.752
chile,1998,0.759
chile,1999,0.766
chile,2000,0.771
chile,2001,0.778
chile,2002,0.784
chile,2003,0.789
chile,2004,0.797
chile,2005,0.804
chile,2006,0.804
chile,2007,0.812
chile,2008,0.82
chile,2009,0.819
chile,2010,0.823
chile,2011,0.823
chile,2012,0.832
chile,2013,0.845
chile,2014,0.849
chile,2015,0.855
chile,2016,0.859
chile,2017,0.862
chile,2018,0.866
chile,2019,0.867
chile,2020,0.856
chile,2021,0.865
chile,2022,0.869
chile,2023,0.878
china,1990,0.491
china,1991,0.499
china,1992,0.511
china,1993,0.522
china,1994,0.532
china,1995,0.543
china,1996,0.555
china,1997,0.566
china,1998,0.576
china,1999,0.587
china,2000,0.598
china,2001,0.608
china,2002,0.619
china,2003,0.63
china,2004,0.642
china,2005,0.654
china,2006,0.666
china,2007,0.68
china,2008,0.689
china,2009,0.7
china,2010,0.71
china,2011,0.717
china,2012,0.725
china,2013,0.733
china,2014,0.742
china,2015,0.75
china,2016,0.758
china,2017,0.765
china,2018,0.774
china,2019,0.781
china,2020,0.786
china,2021,0.794
china,2022,0.796
china,2023,0.797
colombia,1990,0.623
colombia,1991,0.63
colombia,1992,0.639
colombia,1993,0.645
colombia,1994,0.65
colombia,1995,0.655
colombia,1996,0.663
colombia,1997,0.67
colombia,1998,0.676
colombia,1999,0.673
colombia,2000,0.679
colombia,2001,0.681
colombia,2002,0.684
colombia,2003,0.691
colombia,2004,0.699
colombia,2005,0.711
colombia,2006,0.712
colombia,2007,0.724
colombia,2008,0.731
colombia,2009,0.736
colombia,2010,0.741
colombia,2011,0.747
colombia,2012,0.748
colombia,2013,0.76
colombia,2014,0.763
colombia,2015,0.767
colombia,2016,0.772
colombia,2017,0.774
colombia,2018,0.775
colombia,2019,0.777
colombia,2020,0.764
colombia,2021,0.762
colombia,2022,0.782
colombia,2023,0.788
comoros,2000,0.461
comoros,2001,0.47
comoros,2002,0.477
comoros,2003,0.485
comoros,2004,0.492
comoros,2005,0.499
comoros,2006,0.506
comoros,2007,0.512
comoros,2008,0.519
comoros,2009,0.526
comoros,2010,0.534
comoros,2011,0.541
comoros,2012,0.548
comoros,2013,0.556
comoros,2014,0.56
comoros,2015,0.565
comoros,2016,0.571
comoros,2017,0.577
comoros,2018,0.584
comoros,2019,0.589
comoros,2020,0.592
comoros,2021,0.594
comoros,2022,0.602
comoros,2023,0.603
congo,1990,0.573
congo,1991,0.571
congo,1992,0.572
congo,1993,0.566
congo,1994,0.561
congo,1995,0.551
congo,1996,0.55
congo,1997,0.516
congo,1998,0.542
congo,1999,0.544
congo,2000,0.545
congo,2001,0.55
congo,2002,0.552
congo,2003,0.553
congo,2004,0.557
congo,2005,0.569
congo,2006,0.582
congo,2007,0.583
congo,2008,0.591
congo,2009,0.602
congo,2010,0.609
congo,2011,0.613
congo,2012,0.624
congo,2013,0.63
congo,2014,0.639
congo,2015,0.643
congo,2016,0.64
congo,2017,0.635
congo,2018,0.64
congo,2019,0.634
congo,2020,0.643
congo,2021,0.643
congo,2022,0.644
congo,2023,0.649
congo_democratic_republic_of_the,1990,0.388
congo_democratic_republic_of_the,1991,0.389
congo_democratic_republic_of_the,1992,0.387
congo_democratic_republic_of_the,1993,0.385
congo_democratic_republic_of_the,1994,0.382
congo_democratic_republic_of_the,1995,0.385
congo_democratic_republic_of_the,1996,0.386
congo_democratic_republic_of_the,1997,0.388
congo_democratic_republic_of_the,1998,0.385
congo_democratic_republic_of_the,1999,0.383
congo_democratic_republic_of_the,2000,0.391
congo_democratic_republic_of_the,2001,0.389
congo_democratic_republic_of_the,2002,0.392
congo_democratic_republic_of_the,2003,0.398
congo_democratic_republic_of_the,2004,0.403
congo_democratic_republic_of_the,2005,0.408
congo_democratic_republic_of_the,2006,0.413
congo_democratic_republic_of_the,2007,0.417
congo_democratic_republic_of_the,2008,0.426
congo_democratic_republic_of_the,2009,0.431
congo_democratic_republic_of_the,2010,0.44
congo_democratic_republic_of_the,2011,0.447
congo_democratic_republic_of_the,2012,0.451
congo_democratic_republic_of_the,2013,0.456
congo_democratic_republic_of_the,2014,0.467
congo_democratic_republic_of_the,2015,0.477
congo_democratic_republic_of_the,2016,0.487
congo_democratic_republic_of_the,2017,0.491
congo_democratic_republic_of_the,2018,0.497
congo_democratic_republic_of_the,2019,0.501
congo_democratic_republic_of_the,2020,0.506
congo_democratic_republic_of_the,2021,0.508
congo_democratic_republic_of_the,2022,0.514
congo_democratic_republic_of_the,2023,0.522
costa_rica,1990,0.677
costa_rica,1991,0.682
costa_rica,1992,0.691
costa_rica,1993,0.696
costa_rica,1994,0.701
costa_rica,1995,0.706
costa_rica,1996,0.707
costa_rica,1997,0.712
costa_rica,1998,0.714
costa_rica,1999,0.717
costa_rica,2000,0.72
costa_rica,2001,0.726
costa_rica,2002,0.73
costa_rica,2003,0.736
costa_rica,2004,0.741
costa_rica,2005,0.748
costa_rica,2006,0.755
costa_rica,2007,0.76
costa_rica,2008,0.769
costa_rica,2009,0.773
costa_rica,2010,0.776
costa_rica,2011,0.783
costa_rica,2012,0.789
costa_rica,2013,0.795
costa_rica,2014,0.802
costa_rica,2015,0.803
costa_rica,2016,0.805
costa_rica,2017,0.809
costa_rica,2018,0.813
costa_rica,2019,0.821
costa_rica,2020,0.819
costa_rica,2021,0.817
costa_rica,2022,0.823
costa_rica,2023,0.833
croatia,1995,0.713
croatia,1996,0.725
croatia,1997,0.734
croatia,1998,0.744
croatia,1999,0.753
croatia,2000,0.769
croatia,2001,0.785
croatia,2002,0.792
croatia,2003,0.798
croatia,2004,0.807
croatia,2005,0.814
croatia,2006,0.819
croatia,2007,0.825
croatia,2008,0.827
croatia,2009,0.826
croatia,2010,0.831
croatia,2011,0.836
croatia,2012,0.839
croatia,2013,0.846
croatia,2014,0.848
croatia,2015,0.852
croatia,2016,0.856
croatia,2017,0.862
croatia,2018,0.867
croatia,2019,0.872
croatia,2020,0.867
croatia,2021,0.876
croatia,2022,0.886
croatia,2023,0.889
cuba,1990,0.687
cuba,1991,0.681
cuba,1992,0.674
cuba,1993,0.665
cuba,1994,0.662
cuba,1995,0.664
cuba,1996,0.675
cuba,1997,0.679
cuba,1998,0.683
cuba,1999,0.69
cuba,2000,0.697
cuba,2001,0.705
cuba,2002,0.711
cuba,2003,0.721
cuba,2004,0.734
cuba,2005,0.747
cuba,2006,0.766
cuba,2007,0.78
cuba,2008,0.788
cuba,2009,0.788
cuba,2010,0.783
cuba,2011,0.781
cuba,2012,0.777
cuba,2013,0.771
cuba,2014,0.77
cuba,2015,0.769
cuba,2016,0.767
cuba,2017,0.767
cuba,2018,0.769
cuba,2019,0.769
cuba,2020,0.762
cuba,2021,0.745
cuba,2022,0.764
cuba,2023,0.762
cyprus,1990,0.749
cyprus,1991,0.754
cyprus,1992,0.761
cyprus,1993,0.764
cyprus,1994,0.771
cyprus,1995,0.777
cyprus,1996,0.782
cyprus,1997,0.788
cyprus,1998,0.798
cyprus,1999,0.802
cyprus,2000,0.808
cyprus,2001,0.815
cyprus,2002,0.827
cyprus,2003,0.835
cyprus,2004,0.84
cyprus,2005,0.844
cyprus,2006,0.85
cyprus,2007,0.855
cyprus,2008,0.862
cyprus,2009,0.867
cyprus,2010,0.869
cyprus,2011,0.872
cyprus,2012,0.872
cyprus,2013,0.873
cyprus,2014,0.875
cyprus,2015,0.882
cyprus,2016,0.888
cyprus,2017,0.897
cyprus,2018,0.902
cyprus,2019,0.907
cyprus,2020,0.905
cyprus,2021,0.907
cyprus,2022,0.908
cyprus,2023,0.913
czechia,1990,0.753
czechia,1991,0.751
czechia,1992,0.752
czechia,1993,0.76
czechia,1994,0.771
czechia,1995,0.781
czechia,1996,0.793
czechia,1997,0.797
czechia,1998,0.802
czechia,1999,0.806
czechia,2000,0.817
czechia,2001,0.828
czechia,2002,0.835
czechia,2003,0.842
czechia,2004,0.848
czechia,2005,0.856
czechia,2006,0.864
czechia,2007,0.87
czechia,2008,0.873
czechia,2009,0.875
czechia,2010,0.88
czechia,2011,0.883
czechia,2012,0.885
czechia,2013,0.892
czechia,2014,0.898
czechia,2015,0.9
czechia,2016,0.902
czechia,2017,0.904
czechia,2018,0.901
czechia,2019,0.903
czechia,2020,0.898
czechia,2021,0.901
czechia,2022,0.911
czechia,2023,0.915
cote_d_ivoire,1990,0.389
cote_d_ivoire,1991,0.39
cote_d_ivoire,1992,0.392
cote_d_ivoire,1993,0.393
cote_d_ivoire,1994,0.396
cote_d_ivoire,1995,0.399
cote_d_ivoire,1996,0.403
cote_d_ivoire,1997,0.409
cote_d_ivoire,1998,0.413
cote_d_ivoire,1999,0.416
cote_d_ivoire,2000,0.419
cote_d_ivoire,2001,0.422
cote_d_ivoire,2002,0.424
cote_d_ivoire,2003,0.425
cote_d_ivoire,2004,0.43
cote_d_ivoire,2005,0.435
cote_d_ivoire,2006,0.44
cote_d_ivoire,2007,0.445
cote_d_ivoire,2008,0.452
cote_d_ivoire,2009,0.458
cote_d_ivoire,2010,0.465
cote_d_ivoire,2011,0.469
cote_d_ivoire,2012,0.478
cote_d_ivoire,2013,0.487
cote_d_ivoire,2014,0.511
cote_d_ivoire,2015,0.519
cote_d_ivoire,2016,0.53
cote_d_ivoire,2017,0.539
cote_d_ivoire,2018,0.545
cote_d_ivoire,2019,0.552
cote_d_ivoire,2020,0.553
cote_d_ivoire,2021,0.557
cote_d_ivoire,2022,0.565
cote_d_ivoire,2023,0.582
denmark,1990,0.844
denmark,1991,0.848
denmark,1992,0.85
denmark,1993,0.853
denmark,1994,0.859
denmark,1995,0.862
denmark,1996,0.87
denmark,1997,0.876
denmark,1998,0.883
denmark,1999,0.894
denmark,2000,0.896
denmark,2001,0.902
denmark,2002,0.902
denmark,2003,0.907
denmark,2004,0.912
denmark,2005,0.917
denmark,2006,0.917
denmark,2007,0.918
denmark,2008,0.922
denmark,2009,0.915
denmark,2010,0.92
denmark,2011,0.934
denmark,2012,0.938
denmark,2013,0.941
denmark,2014,0.939
denmark,2015,0.943
denmark,2016,0.951
denmark,2017,0.951
denmark,2018,0.95
denmark,2019,0.953
denmark,2020,0.954
denmark,2021,0.958
denmark,2022,0.959
denmark,2023,0.962
djibouti,1995,0.318
djibouti,1996,0.32
djibouti,1997,0.324
djibouti,1998,0.327
djibouti,1999,0.333
djibouti,2000,0.337
djibouti,2001,0.342
djibouti,2002,0.349
djibouti,2003,0.36
djibouti,2004,0.368
djibouti,2005,0.375
djibouti,2006,0.385
djibouti,2007,0.392
djibouti,2008,0.4
djibouti,2009,0.411
djibouti,2010,0.421
djibouti,2011,0.432
djibouti,2012,0.442
djibouti,2013,0.45
djibouti,2014,0.459
djibouti,2015,0.469
djibouti,2016,0.477
djibouti,2017,0.484
djibouti,2018,0.492
djibouti,2019,0.497
djibouti,2020,0.499
djibouti,2021,0.501
djibouti,2022,0.51
djibouti,2023,0.513
dominica,2000,0.721
dominica,2001,0.725
dominica,2002,0.724
dominica,2003,0.728
dominica,2004,0.73
dominica,2005,0.732
dominica,2006,0.737
dominica,2007,0.74
dominica,2008,0.745
dominica,2009,0.746
dominica,2010,0.747
dominica,2011,0.745
dominica,2012,0.745
dominica,2013,0.745
dominica,2014,0.748
dominica,2015,0.741
dominica,2016,0.751
dominica,2017,0.735
dominica,2018,0.755
dominica,2019,0.758
dominica,2020,0.753
dominica,2021,0.749
dominica,2022,0.759
dominica,2023,0.761
dominican_republic,1990,0.589
dominican_republic,1991,0.594
dominican_republic,1992,0.604
dominican_republic,1993,0.611
dominican_republic,1994,0.617
dominican_republic,1995,0.624
dominican_republic,1996,0.631
dominican_republic,1997,0.639
dominican_republic,1998,0.645
dominican_republic,1999,0.652
dominican_republic,2000,0.658
dominican_republic,2001,0.663
dominican_republic,2002,0.668
dominican_republic,2003,0.67
dominican_republic,2004,0.673
dominican_republic,2005,0.683
dominican_republic,2006,0.691
dominican_republic,2007,0.698
dominican_republic,2008,0.704
dominican_republic,2009,0.707
dominican_republic,2010,0.715
dominican_republic,2011,0.721
dominican_republic,2012,0.727
dominican_republic,2013,0.731
dominican_republic,2014,0.737
dominican_republic,2015,0.747
dominican_republic,2016,0.766
dominican_republic,2017,0.77
dominican_republic,2018,0.773
dominican_republic,2019,0.771
dominican_republic,2020,0.767
dominican_republic,2021,0.762
dominican_republic,2022,0.778
dominican_republic,2023,0.776
ecuador,1990,0.646
ecuador,1991,0.649
ecuador,1992,0.654
ecuador,1993,0.66
ecuador,1994,0.667
ecuador,1995,0.672
ecuador,1996,0.677
ecuador,1997,0.682
ecuador,1998,0.684
ecuador,1999,0.682
ecuador,2000,0.683
ecuador,2001,0.691
ecuador,2002,0.698
ecuador,2003,0.703
ecuador,2004,0.709
ecuador,2005,0.714
ecuador,2006,0.718
ecuador,2007,0.722
ecuador,2008,0.729
ecuador,2009,0.731
ecuador,2010,0.737
ecuador,2011,0.743
ecuador,2012,0.75
ecuador,2013,0.755
ecuador,2014,0.76
ecuador,2015,0.764
ecuador,2016,0.761
ecuador,2017,0.764
ecuador,2018,0.767
ecuador,2019,0.765
ecuador,2020,0.74
ecuador,2021,0.753
ecuador,2022,0.773
ecuador,2023,0.777
egypt,1990,0.572
egypt,1991,0.578
egypt,1992,0.586
egypt,1993,0.593
egypt,1994,0.601
egypt,1995,0.609
egypt,1996,0.617
egypt,1997,0.623
egypt,1998,0.629
egypt,1999,0.634
egypt,2000,0.639
egypt,2001,0.642
egypt,2002,0.643
egypt,2003,0.643
egypt,2004,0.645
egypt,2005,0.648
egypt,2006,0.651
egypt,2007,0.658
egypt,2008,0.665
egypt,2009,0.671
egypt,2010,0.677
egypt,2011,0.68
egypt,2012,0.689
egypt,2013,0.695
egypt,2014,0.699
egypt,2015,0.706
egypt,2016,0.713
egypt,2017,0.72
egypt,2018,0.728
egypt,2019,0.736
egypt,2020,0.736
egypt,2021,0.738
egypt,2022,0.751
egypt,2023,0.754
el_salvador,1990,0.523
el_salvador,1991,0.529
el_salvador,1992,0.538
el_salvador,1993,0.548
el_salvador,1994,0.558
el_salvador,1995,0.567
el_salvador,1996,0.576
el_salvador,1997,0.586
el_salvador,1998,0.594
el_salvador,1999,0.598
el_salvador,2000,0.607
el_salvador,2001,0.612
el_salvador,2002,0.621
el_salvador,2003,0.628
el_salvador,2004,0.636
el_salvador,2005,0.642
el_salvador,2006,0.647
el_salvador,2007,0.653
el_salvador,2008,0.653
el_salvador,2009,0.653
el_salvador,2010,0.66
el_salvador,2011,0.662
el_salvador,2012,0.666
el_salvador,2013,0.668
el_salvador,2014,0.668
el_salvador,2015,0.667
el_salvador,2016,0.666
el_salvador,2017,0.665
el_salvador,2018,0.67
el_salvador,2019,0.67
el_salvador,2020,0.66
el_salvador,2021,0.663
el_salvador,2022,0.674
el_salvador,2023,0.678
equatorial_guinea,2000,0.508
equatorial_guinea,2001,0.521
equatorial_guinea,2002,0.536
equatorial_guinea,2003,0.541
equatorial_guinea,2004,0.552
equatorial_guinea,2005,0.566
equatorial_guinea,2006,0.591
equatorial_guinea,2007,0.603
equatorial_guinea,2008,0.613
equatorial_guinea,2009,0.615
equatorial_guinea,2010,0.612
equatorial_guinea,2011,0.624
equatorial_guinea,2012,0.635
equatorial_guinea,2013,0.644
equatorial_guinea,2014,0.652
equatorial_guinea,2015,0.656
equatorial_guinea,2016,0.659
equatorial_guinea,2017,0.661
equatorial_guinea,2018,0.663
equatorial_guinea,2019,0.667
equatorial_guinea,2020,0.668
equatorial_guinea,2021,0.671
equatorial_guinea,2022,0.677
equatorial_guinea,2023,0.674
eritrea,2005,0.474
eritrea,2006,0.473
eritrea,2007,0.472
eritrea,2008,0.457
eritrea,2009,0.462
eritrea,2010,0.465
eritrea,2011,0.48
eritrea,2012,0.483
eritrea,2013,0.479
eritrea,2014,0.497
eritrea,2015,0.48
eritrea,2016,0.485
eritrea,2017,0.48
eritrea,2018,0.49
eritrea,2019,0.495
eritrea,2020,0.495
eritrea,2021,0.496
eritrea,2022,0.499
eritrea,2023,0.503
estonia,1990,0.738
estonia,1991,0.734
estonia,1992,0.722
estonia,1993,0.713
estonia,1994,0.711
estonia,1995,0.725
estonia,1996,0.746
estonia,1997,0.759
estonia,1998,0.767
estonia,1999,0.776
estonia,2000,0.793
estonia,2001,0.802
estonia,2002,0.813
estonia,2003,0.824
estonia,2004,0.834
estonia,2005,0.847
estonia,2006,0.855
estonia,2007,0.859
estonia,2008,0.864
estonia,2009,0.863
estonia,2010,0.868
estonia,2011,0.877
estonia,2012,0.88
estonia,2013,0.887
estonia,2014,0.885
estonia,2015,0.888
estonia,2016,0.89
estonia,2017,0.894
estonia,2018,0.897
estonia,2019,0.901
estonia,2020,0.901
estonia,2021,0.899
estonia,2022,0.902
estonia,2023,0.905
eswatini_kingdom_of,1990,0.57
eswatini_kingdom_of,1991,0.565
eswatini_kingdom_of,1992,0.558
eswatini_kingdom_of,1993,0.55
eswatini_kingdom_of,1994,0.543
eswatini_kingdom_of,1995,0.54
eswatini_kingdom_of,1996,0.532
eswatini_kingdom_of,1997,0.523
eswatini_kingdom_of,1998,0.511
eswatini_kingdom_of,1999,0.504
eswatini_kingdom_of,2000,0.493
eswatini_kingdom_of,2001,0.484
eswatini_kingdom_of,2002,0.473
eswatini_kingdom_of,2003,0.469
eswatini_kingdom_of,2004,0.467
eswatini_kingdom_of,2005,0.472
eswatini_kingdom_of,2006,0.485
eswatini_kingdom_of,2007,0.497
eswatini_kingdom_of,2008,0.507
eswatini_kingdom_of,2009,0.519
eswatini_kingdom_of,2010,0.534
eswatini_kingdom_of,2011,0.545
eswatini_kingdom_of,2012,0.562
eswatini_kingdom_of,2013,0.578
eswatini_kingdom_of,2014,0.592
eswatini_kingdom_of,2015,0.607
eswatini_kingdom_of,2016,0.619
eswatini_kingdom_of,2017,0.631
eswatini_kingdom_of,2018,0.643
eswatini_kingdom_of,2019,0.653
eswatini_kingdom_of,2020,0.657
eswatini_kingdom_of,2021,0.658
eswatini_kingdom_of,2022,0.695
eswatini_kingdom_of,2023,0.695
ethiopia,2000,0.293
ethiopia,2001,0.307
ethiopia,2002,0.314
ethiopia,2003,0.317
ethiopia,2004,0.331
ethiopia,2005,0.35
ethiopia,2006,0.366
ethiopia,2007,0.383
ethiopia,2008,0.398
ethiopia,2009,0.405
ethiopia,2010,0.415
ethiopia,2011,0.425
ethiopia,2012,0.433
ethiopia,2013,0.441
ethiopia,2014,0.449
ethiopia,2015,0.456
ethiopia,2016,0.463
ethiopia,2017,0.47
ethiopia,2018,0.476
ethiopia,2019,0.482
ethiopia,2020,0.486
ethiopia,2021,0.487
ethiopia,2022,0.494
ethiopia,2023,0.497
fiji,1990,0.629
fiji,1991,0.633
fiji,1992,0.637
fiji,1993,0.642
fiji,1994,0.648
fiji,1995,0.653
fiji,1996,0.657
fiji,1997,0.658
fiji,1998,0.66
fiji,1999,0.667
fiji,2000,0.668
fiji,2001,0.67
fiji,2002,0.67
fiji,2003,0.673
fiji,2004,0.679
fiji,2005,0.681
fiji,2006,0.684
fiji,2007,0.686
fiji,2008,0.69
fiji,2009,0.693
fiji,2010,0.697
fiji,2011,0.701
fiji,2012,0.698
fiji,2013,0.708
fiji,2014,0.712
fiji,2015,0.715
fiji,2016,0.719
fiji,2017,0.725
fiji,2018,0.728
fiji,2019,0.727
fiji,2020,0.718
fiji,2021,0.705
fiji,2022,0.726
fiji,2023,0.731
finland,1990,0.823
finland,1991,0.827
finland,1992,0.833
finland,1993,0.838
finland,1994,0.85
finland,1995,0.856
finland,1996,0.863
finland,1997,0.871
finland,1998,0.88
finland,1999,0.889
finland,2000,0.898
finland,2001,0.908
finland,2002,0.912
finland,2003,0.915
finland,2004,0.911
finland,2005,0.914
finland,2006,0.917
finland,2007,0.92
finland,2008,0.921
finland,2009,0.916
finland,2010,0.92
finland,2011,0.924
finland,2012,0.924
finland,2013,0.934
finland,2014,0.936
finland,2015,0.938
finland,2016,0.94
finland,2017,0.942
finland,2018,0.945
finland,2019,0.947
finland,2020,0.947
finland,2021,0.949
finland,2022,0.946
finland,2023,0.948
france,1990,0.798
france,1991,0.807
france,1992,0.814
france,1993,0.818
france,1994,0.832
france,1995,0.837
france,1996,0.842
france,1997,0.847
france,1998,0.851
france,1999,0.856
france,2000,0.852
france,2001,0.855
france,2002,0.858
france,2003,0.862
france,2004,0.869
france,2005,0.877
france,2006,0.881
france,2007,0.884
france,2008,0.884
france,2009,0.883
france,2010,0.888
france,2011,0.892
france,2012,0.893
france,2013,0.896
france,2014,0.9
france,2015,0.901
france,2016,0.905
france,2017,0.908
france,2018,0.911
france,2019,0.914
france,2020,0.909
france,2021,0.915
france,2022,0.916
france,2023,0.92
gabon,1990,0.621
gabon,1991,0.627
gabon,1992,0.628
gabon,1993,0.631
gabon,1994,0.636
gabon,1995,0.64
gabon,1996,0.644
gabon,1997,0.648
gabon,1998,0.654
gabon,1999,0.653
gabon,2000,0.652
gabon,2001,0.657
gabon,2002,0.661
gabon,2003,0.664
gabon,2004,0.665
gabon,2005,0.671
gabon,2006,0.67
gabon,2007,0.674
gabon,2008,0.675
gabon,2009,0.681
gabon,2010,0.684
gabon,2011,0.69
gabon,2012,0.699
gabon,2013,0.707
gabon,2014,0.716
gabon,2015,0.72
gabon,2016,0.724
gabon,2017,0.726
gabon,2018,0.727
gabon,2019,0.73
gabon,2020,0.732
gabon,2021,0.72
gabon,2022,0.73
gabon,2023,0.733
gambia,1990,0.331
gambia,1991,0.339
gambia,1992,0.347
gambia,1993,0.355
gambia,1994,0.362
gambia,1995,0.37
gambia,1996,0.377
gambia,1997,0.381
gambia,1998,0.389
gambia,1999,0.396
gambia,2000,0.403
gambia,2001,0.41
gambia,2002,0.415
gambia,2003,0.422
gambia,2004,0.432
gambia,2005,0.436
gambia,2006,0.441
gambia,2007,0.447
gambia,2008,0.455
gambia,2009,0.459
gambia,2010,0.463
gambia,2011,0.463
gambia,2012,0.469
gambia,2013,0.474
gambia,2014,0.477
gambia,2015,0.482
gambia,2016,0.487
gambia,2017,0.493
gambia,2018,0.5
gambia,2019,0.508
gambia,2020,0.512
gambia,2021,0.513
gambia,2022,0.519
gambia,2023,0.524
georgia,2000,0.705
georgia,2001,0.712
georgia,2002,0.719
georgia,2003,0.733
georgia,2004,0.737
georgia,2005,0.744
georgia,2006,0.75
georgia,2007,0.76
georgia,2008,0.757
georgia,2009,0.76
georgia,2010,0.77
georgia,2011,0.78
georgia,2012,0.789
georgia,2013,0.796
georgia,2014,0.802
georgia,2015,0.807
georgia,2016,0.809
georgia,2017,0.816
georgia,2018,0.824
georgia,2019,0.83
georgia,2020,0.822
georgia,2021,0.819
georgia,2022,0.838
georgia,2023,0.844
germany,1990,0.834
germany,1991,0.841
germany,1992,0.849
germany,1993,0.859
germany,1994,0.865
germany,1995,0.87
germany,1996,0.875
germany,1997,0.881
germany,1998,0.887
germany,1999,0.892
germany,2000,0.897
germany,2001,0.904
germany,2002,0.909
germany,2003,0.914
germany,2004,0.923
germany,2005,0.923
germany,2006,0.927
germany,2007,0.931
germany,2008,0.933
germany,2009,0.933
germany,2010,0.936
germany,2011,0.942
germany,2012,0.944
germany,2013,0.945
germany,2014,0.949
germany,2015,0.948
germany,2016,0.949
germany,2017,0.951
germany,2018,0.952
germany,2019,0.957
germany,2020,0.955
germany,2021,0.958
germany,2022,0.955
germany,2023,0.959
ghana,1990,0.432
ghana,1991,0.438
ghana,1992,0.444
ghana,1993,0.45
ghana,1994,0.453
ghana,1995,0.459
ghana,1996,0.465
ghana,1997,0.469
ghana,1998,0.475
ghana,1999,0.48
ghana,2000,0.487
ghana,2001,0.486
ghana,2002,0.493
ghana,2003,0.495
ghana,2004,0.503
ghana,2005,0.515
ghana,2006,0.524
ghana,2007,0.534
ghana,2008,0.546
ghana,2009,0.551
ghana,2010,0.558
ghana,2011,0.568
ghana,2012,0.575
ghana,2013,0.582
ghana,2014,0.58
ghana,2015,0.588
ghana,2016,0.59
ghana,2017,0.594
ghana,2018,0.6
ghana,2019,0.609
ghana,2020,0.614
ghana,2021,0.618
ghana,2022,0.625
ghana,2023,0.628
greece,1990,0.77
greece,1991,0.78
greece,1992,0.782
greece,1993,0.784
greece,1994,0.79
greece,1995,0.792
greece,1996,0.796
greece,1997,0.803
greece,1998,0.813
greece,1999,0.816
greece,2000,0.828
greece,2001,0.837
greece,2002,0.836
greece,2003,0.842
greece,2004,0.851
greece,2005,0.863
greece,2006,0.871
greece,2007,0.866
greece,2008,0.871
greece,2009,0.874
greece,2010,0.876
greece,2011,0.874
greece,2012,0.874
greece,2013,0.879
greece,2014,0.886
greece,2015,0.888
greece,2016,0.884
greece,2017,0.887
greece,2018,0.893
greece,2019,0.896
greece,2020,0.896
greece,2021,0.897
greece,2022,0.897
greece,2023,0.908
grenada,2002,0.744
grenada,2003,0.751
grenada,2004,0.746
grenada,2005,0.764
grenada,2006,0.764
grenada,2007,0.768
grenada,2008,0.771
grenada,2009,0.767
grenada,2010,0.771
grenada,2011,0.773
grenada,2012,0.774
grenada,2013,0.777
grenada,2014,0.779
grenada,2015,0.782
grenada,2016,0.784
grenada,2017,0.784
grenada,2018,0.788
grenada,2019,0.789
grenada,2020,0.782
grenada,2021,0.782
grenada,2022,0.789
grenada,2023,0.791
guatemala,1990,0.499
guatemala,1991,0.503
guatemala,1992,0.506
guatemala,1993,0.51
guatemala,1994,0.515
guatemala,1995,0.522
guatemala,1996,0.53
guatemala,1997,0.539
guatemala,1998,0.548
guatemala,1999,0.556
guatemala,2000,0.563
guatemala,2001,0.567
guatemala,2002,0.572
guatemala,2003,0.577
guatemala,2004,0.58
guatemala,2005,0.583
guatemala,2006,0.59
guatemala,2007,0.601
guatemala,2008,0.609
guatemala,2009,0.616
guatemala,2010,0.623
guatemala,2011,0.628
guatemala,2012,0.631
guatemala,2013,0.633
guatemala,2014,0.65
guatemala,2015,0.638
guatemala,2016,0.642
guatemala,2017,0.647
guatemala,2018,0.649
guatemala,2019,0.653
guatemala,2020,0.645
guatemala,2021,0.639
guatemala,2022,0.655
guatemala,2023,0.662
guinea,1990,0.282
guinea,1991,0.287
guinea,1992,0.293
guinea,1993,0.3
guinea,1994,0.307
guinea,1995,0.314
guinea,1996,0.323
guinea,1997,0.332
guinea,1998,0.342
guinea,1999,0.351
guinea,2000,0.359
guinea,2001,0.366
guinea,2002,0.377
guinea,2003,0.384
guinea,2004,0.391
guinea,2005,0.401
guinea,2006,0.409
guinea,2007,0.416
guinea,2008,0.422
guinea,2009,0.424
guinea,2010,0.43
guinea,2011,0.436
guinea,2012,0.44
guinea,2013,0.445
guinea,2014,0.451
guinea,2015,0.465
guinea,2016,0.482
guinea,2017,0.482
guinea,2018,0.479
guinea,2019,0.486
guinea,2020,0.488
guinea,2021,0.49
guinea,2022,0.498
guinea,2023,0.5
guinea_bissau,2005,0.412
guinea_bissau,2006,0.424
guinea_bissau,2007,0.431
guinea_bissau,2008,0.436
guinea_bissau,2009,0.444
guinea_bissau,2010,0.452
guinea_bissau,2011,0.46
guinea_bissau,2012,0.462
guinea_bissau,2013,0.469
guinea_bissau,2014,0.476
guinea_bissau,2015,0.481
guinea_bissau,2016,0.486
guinea_bissau,2017,0.491
guinea_bissau,2018,0.493
guinea_bissau,2019,0.501
guinea_bissau,2020,0.498
guinea_bissau,2021,0.502
guinea_bissau,2022,0.511
guinea_bissau,2023,0.514
guyana,1990,0.494
guyana,1991,0.491
guyana,1992,0.507
guyana,1993,0.521
guyana,1994,0.531
guyana,1995,0.536
guyana,1996,0.546
guyana,1997,0.552
guyana,1998,0.557
guyana,1999,0.562
guyana,2000,0.567
guyana,2001,0.575
guyana,2002,0.58
guyana,2003,0.587
guyana,2004,0.6
guyana,2005,0.61
guyana,2006,0.619
guyana,2007,0.626
guyana,2008,0.632
guyana,2009,0.637
guyana,2010,0.647
guyana,2011,0.659
guyana,2012,0.664
guyana,2013,0.669
guyana,2014,0.678
guyana,2015,0.683
guyana,2016,0.69
guyana,2017,0.696
guyana,2018,0.702
guyana,2019,0.709
guyana,2020,0.722
guyana,2021,0.713
guyana,2022,0.763
guyana,2023,0.776
haiti,1990,0.461
haiti,1991,0.464
haiti,1992,0.466
haiti,1993,0.467
haiti,1994,0.463
haiti,1995,0.473
haiti,1996,0.479
haiti,1997,0.484
haiti,1998,0.488
haiti,1999,0.493
haiti,2000,0.497
haiti,2001,0.5
haiti,2002,0.504
haiti,2003,0.508
haiti,2004,0.505
haiti,2005,0.516
haiti,2006,0.52
haiti,2007,0.524
haiti,2008,0.528
haiti,2009,0.534
haiti,2010,0.452
haiti,2011,0.536
haiti,2012,0.54
haiti,2013,0.545
haiti,2014,0.549
haiti,2015,0.552
haiti,2016,0.555
haiti,2017,0.559
haiti,2018,0.561
haiti,2019,0.56
haiti,2020,0.555
haiti,2021,0.548
haiti,2022,0.552
haiti,2023,0.554
honduras,1990,0.516
honduras,1991,0.519
honduras,1992,0.523
honduras,1993,0.529
honduras,1994,0.532
honduras,1995,0.537
honduras,1996,0.541
honduras,1997,0.547
honduras,1998,0.529
honduras,1999,0.552
honduras,2000,0.558
honduras,2001,0.561
honduras,2002,0.564
honduras,2003,0.568
honduras,2004,0.573
honduras,2005,0.578
honduras,2006,0.582
honduras,2007,0.587
honduras,2008,0.592
honduras,2009,0.594
honduras,2010,0.596
honduras,2011,0.598
honduras,2012,0.597
honduras,2013,0.601
honduras,2014,0.604
honduras,2015,0.61
honduras,2016,0.616
honduras,2017,0.618
honduras,2018,0.619
honduras,2019,0.632
honduras,2020,0.625
honduras,2021,0.628
honduras,2022,0.643
honduras,2023,0.645
hong_kong_china_sar,1990,0.755
hong_kong_china_sar,1991,0.764
hong_kong_china_sar,1992,0.773
hong_kong_china_sar,1993,0.784
hong_kong_china_sar,1994,0.793
hong_kong_china_sar,1995,0.8
hong_kong_china_sar,1996,0.808
hong_kong_china_sar,1997,0.817
hong_kong_china_sar,1998,0.823
hong_kong_china_sar,1999,0.83
hong_kong_china_sar,2000,0.839
hong_kong_china_sar,2001,0.847
hong_kong_china_sar,2002,0.854
hong_kong_china_sar,2003,0.861
hong_kong_china_sar,2004,0.866
hong_kong_china_sar,2005,0.872
hong_kong_china_sar,2006,0.879
hong_kong_china_sar,2007,0.891
hong_kong_china_sar,2008,0.907
hong_kong_china_sar,2009,0.909
hong_kong_china_sar,2010,0.912
hong_kong_china_sar,2011,0.918
hong_kong_china_sar,2012,0.923
hong_kong_china_sar,2013,0.928
hong_kong_china_sar,2014,0.932
hong_kong_china_sar,2015,0.937
hong_kong_china_sar,2016,0.94
hong_kong_china_sar,2017,0.946
hong_kong_china_sar,2018,0.952
hong_kong_china_sar,2019,0.952
hong_kong_china_sar,2020,0.95
hong_kong_china_sar,2021,0.961
hong_kong_china_sar,2022,0.95
hong_kong_china_sar,2023,0.955
hungary,1990,0.73
hungary,1991,0.724
hungary,1992,0.722
hungary,1993,0.729
hungary,1994,0.739
hungary,1995,0.744
hungary,1996,0.752
hungary,1997,0.758
hungary,1998,0.764
hungary,1999,0.771
hungary,2000,0.781
hungary,2001,0.791
hungary,2002,0.8
hungary,2003,0.807
hungary,2004,0.811
hungary,2005,0.816
hungary,2006,0.823
hungary,2007,0.826
hungary,2008,0.833
hungary,2009,0.834
hungary,2010,0.838
hungary,2011,0.841
hungary,2012,0.841
hungary,2013,0.85
hungary,2014,0.848
hungary,2015,0.847
hungary,2016,0.851
hungary,2017,0.853
hungary,2018,0.857
hungary,2019,0.861
hungary,2020,0.857
hungary,2021,0.852
hungary,2022,0.867
hungary,2023,0.87
iceland,1990,0.841
iceland,1991,0.853
iceland,1992,0.86
iceland,1993,0.863
iceland,1994,0.868
iceland,1995,0.863
iceland,1996,0.873
iceland,1997,0.881
iceland,1998,0.893
iceland,1999,0.895
iceland,2000,0.902
iceland,2001,0.91
iceland,2002,0.917
iceland,2003,0.925
iceland,2004,0.928
iceland,2005,0.935
iceland,2006,0.936
iceland,2007,0.941
iceland,2008,0.935
iceland,2009,0.934
iceland,2010,0.935
iceland,2011,0.941
iceland,2012,0.946
iceland,2013,0.95
iceland,2014,0.954
iceland,2015,0.956
iceland,2016,0.959
iceland,2017,0.962
iceland,2018,0.966
iceland,2019,0.969
iceland,2020,0.965
iceland,2021,0.967
iceland,2022,0.964
iceland,2023,0.972
india,1990,0.446
india,1991,0.448
india,1992,0.453
india,1993,0.458
india,1994,0.463
india,1995,0.469
india,1996,0.476
india,1997,0.482
india,1998,0.488
india,1999,0.496
india,2000,0.501
india,2001,0.511
india,2002,0.516
india,2003,0.529
india,2004,0.538
india,2005,0.547
india,2006,0.557
india,2007,0.566
india,2008,0.574
india,2009,0.579
india,2010,0.59
india,2011,0.603
india,2012,0.609
india,2013,0.615
india,2014,0.625
india,2015,0.633
india,2016,0.644
india,2017,0.649
india,2018,0.648
india,2019,0.651
india,2020,0.652
india,2021,0.647
india,2022,0.676
india,2023,0.685
indonesia,1990,0.531
indonesia,1991,0.538
indonesia,1992,0.545
indonesia,1993,0.555
indonesia,1994,0.565
indonesia,1995,0.575
indonesia,1996,0.585
indonesia,1997,0.595
indonesia,1998,0.591
indonesia,1999,0.595
indonesia,2000,0.6
indonesia,2001,0.608
indonesia,2002,0.617
indonesia,2003,0.625
indonesia,2004,0.624
indonesia,2005,0.638
indonesia,2006,0.646
indonesia,2007,0.649
indonesia,2008,0.653
indonesia,2009,0.663
indonesia,2010,0.67
indonesia,2011,0.678
indonesia,2012,0.686
indonesia,2013,0.69
indonesia,2014,0.693
indonesia,2015,0.701
indonesia,2016,0.705
indonesia,2017,0.712
indonesia,2018,0.715
indonesia,2019,0.714
indonesia,2020,0.71
indonesia,2021,0.707
indonesia,2022,0.726
indonesia,2023,0.728
iran_islamic_republic_of,1990,0.626
iran_islamic_republic_of,1991,0.645
iran_islamic_republic_of,1992,0.652
iran_islamic_republic_of,1993,0.658
iran_islamic_republic_of,1994,0.664
iran_islamic_republic_of,1995,0.672
iran_islamic_republic_of,1996,0.681
iran_islamic_republic_of,1997,0.687
iran_islamic_republic_of,1998,0.695
iran_islamic_republic_of,1999,0.703
iran_islamic_republic_of,2000,0.71
iran_islamic_republic_of,2001,0.719
iran_islamic_republic_of,2002,0.727
iran_islamic_republic_of,2003,0.732
iran_islamic_republic_of,2004,0.741
iran_islamic_republic_of,2005,0.746
iran_islamic_republic_of,2006,0.757
iran_islamic_republic_of,2007,0.761
iran_islamic_republic_of,2008,0.765
iran_islamic_republic_of,2009,0.771
iran_islamic_republic_of,2010,0.778
iran_islamic_republic_of,2011,0.787
iran_islamic_republic_of,2012,0.795
iran_islamic_republic_of,2013,0.794
iran_islamic_republic_of,2014,0.795
iran_islamic_republic_of,2015,0.788
iran_islamic_republic_of,2016,0.791
iran_islamic_republic_of,2017,0.793
iran_islamic_republic_of,2018,0.79
iran_islamic_republic_of,2019,0.787
iran_islamic_republic_of,2020,0.775
iran_islamic_republic_of,2021,0.777
iran_islamic_republic_of,2022,0.793
iran_islamic_republic_of,2023,0.799
iraq,1990,0.531
iraq,1991,0.504
iraq,1992,0.532
iraq,1993,0.55
iraq,1994,0.547
iraq,1995,0.538
iraq,1996,0.557
iraq,1997,0.565
iraq,1998,0.58
iraq,1999,0.589
iraq,2000,0.592
iraq,2001,0.598
iraq,2002,0.6
iraq,2003,0.582
iraq,2004,0.604
iraq,2005,0.609
iraq,2006,0.611
iraq,2007,0.618
iraq,2008,0.634
iraq,2009,0.644
iraq,2010,0.65
iraq,2011,0.656
iraq,2012,0.664
iraq,2013,0.668
iraq,2014,0.671
iraq,2015,0.675
iraq,2016,0.676
iraq,2017,0.681
iraq,2018,0.689
iraq,2019,0.693
iraq,2020,0.68
iraq,2021,0.687
iraq,2022,0.695
iraq,2023,0.695
ireland,1990,0.776
ireland,1991,0.78
ireland,1992,0.787
ireland,1993,0.794
ireland,1994,0.805
ireland,1995,0.809
ireland,1996,0.816
ireland,1997,0.823
ireland,1998,0.855
ireland,1999,0.858
ireland,2000,0.869
ireland,2001,0.876
ireland,2002,0.883
ireland,2003,0.891
ireland,2004,0.899
ireland,2005,0.905
ireland,2006,0.908
ireland,2007,0.911
ireland,2008,0.907
ireland,2009,0.907
ireland,2010,0.915
ireland,2011,0.909
ireland,2012,0.911
ireland,2013,0.915
ireland,2014,0.921
ireland,2015,0.931
ireland,2016,0.936
ireland,2017,0.941
ireland,2018,0.944
ireland,2019,0.947
ireland,2020,0.948
ireland,2021,0.946
ireland,2022,0.947
ireland,2023,0.949
israel,1990,0.787
israel,1991,0.791
israel,1992,0.794
israel,1993,0.801
israel,1994,0.806
israel,1995,0.81
israel,1996,0.817
israel,1997,0.824
israel,1998,0.831
israel,1999,0.839
israel,2000,0.839
israel,2001,0.841
israel,2002,0.846
israel,2003,0.847
israel,2004,0.85
israel,2005,0.858
israel,2006,0.867
israel,2007,0.878
israel,2008,0.878
israel,2009,0.884
israel,2010,0.889
israel,2011,0.892
israel,2012,0.893
israel,2013,0.899
israel,2014,0.902
israel,2015,0.902
israel,2016,0.905
israel,2017,0.908
israel,2018,0.911
israel,2019,0.913
israel,2020,0.912
israel,2021,0.918
israel,2022,0.921
israel,2023,0.919
italy,1990,0.787
italy,1991,0.792
italy,1992,0.8
italy,1993,0.806
italy,1994,0.816
italy,1995,0.823
italy,1996,0.829
italy,1997,0.836
italy,1998,0.84
italy,1999,0.845
italy,2000,0.849
italy,2001,0.856
italy,2002,0.862
italy,2003,0.866
italy,2004,0.874
italy,2005,0.876
italy,2006,0.881
italy,2007,0.885
italy,2008,0.885
italy,2009,0.884
italy,2010,0.887
italy,2011,0.89
italy,2012,0.887
italy,2013,0.887
italy,2014,0.89
italy,2015,0.889
italy,2016,0.894
italy,2017,0.897
italy,2018,0.902
italy,2019,0.906
italy,2020,0.899
italy,2021,0.908
italy,2022,0.905
italy,2023,0.915
jamaica,1990,0.662
jamaica,1991,0.662
jamaica,1992,0.664
jamaica,1993,0.664
jamaica,1994,0.664
jamaica,1995,0.665
jamaica,1996,0.664
jamaica,1997,0.663
jamaica,1998,0.662
jamaica,1999,0.662
jamaica,2000,0.659
jamaica,2001,0.668
jamaica,2002,0.672
jamaica,2003,0.668
jamaica,2004,0.684
jamaica,2005,0.687
jamaica,2006,0.696
jamaica,2007,0.704
jamaica,2008,0.711
jamaica,2009,0.711
jamaica,2010,0.708
jamaica,2011,0.711
jamaica,2012,0.711
jamaica,2013,0.711
jamaica,2014,0.712
jamaica,2015,0.713
jamaica,2016,0.714
jamaica,2017,0.715
jamaica,2018,0.715
jamaica,2019,0.716
jamaica,2020,0.711
jamaica,2021,0.703
jamaica,2022,0.718
jamaica,2023,0.72
japan,1990,0.853
japan,1991,0.857
japan,1992,0.859
japan,1993,0.865
japan,1994,0.872
japan,1995,0.874
japan,1996,0.88
japan,1997,0.883
japan,1998,0.884
japan,1999,0.885
japan,2000,0.889
japan,2001,0.892
japan,2002,0.894
japan,2003,0.896
japan,2004,0.899
japan,2005,0.9
japan,2006,0.903
japan,2007,0.905
japan,2008,0.905
japan,2009,0.905
japan,2010,0.907
japan,2011,0.906
japan,2012,0.909
japan,2013,0.912
japan,2014,0.914
japan,2015,0.917
japan,2016,0.918
japan,2017,0.92
japan,2018,0.921
japan,2019,0.922
japan,2020,0.922
japan,2021,0.922
japan,2022,0.921
japan,2023,0.925
jordan,1990,0.619
jordan,1991,0.625
jordan,1992,0.638
jordan,1993,0.643
jordan,1994,0.647
jordan,1995,0.653
jordan,1996,0.657
jordan,1997,0.661
jordan,1998,0.664
jordan,1999,0.668
jordan,2000,0.672
jordan,2001,0.679
jordan,2002,0.686
jordan,2003,0.693
jordan,2004,0.705
jordan,2005,0.713
jordan,2006,0.719
jordan,2007,0.725
jordan,2008,0.733
jordan,2009,0.735
jordan,2010,0.732
jordan,2011,0.734
jordan,2012,0.74
jordan,2013,0.742
jordan,2014,0.742
jordan,2015,0.743
jordan,2016,0.745
jordan,2017,0.747
jordan,2018,0.747
jordan,2019,0.75
jordan,2020,0.743
jordan,2021,0.736
jordan,2022,0.751
jordan,2023,0.754
kazakhstan,1990,0.689
kazakhstan,1991,0.683
kazakhstan,1992,0.68
kazakhstan,1993,0.673
kazakhstan,1994,0.666
kazakhstan,1995,0.665
kazakhstan,1996,0.669
kazakhstan,1997,0.673
kazakhstan,1998,0.678
kazakhstan,1999,0.683
kazakhstan,2000,0.692
kazakhstan,2001,0.707
kazakhstan,2002,0.72
kazakhstan,2003,0.732
kazakhstan,2004,0.743
kazakhstan,2005,0.754
kazakhstan,2006,0.765
kazakhstan,2007,0.772
kazakhstan,2008,0.771
kazakhstan,2009,0.774
kazakhstan,2010,0.781
kazakhstan,2011,0.79
kazakhstan,2012,0.799
kazakhstan,2013,0.808
kazakhstan,2014,0.813
kazakhstan,2015,0.819
kazakhstan,2016,0.82
kazakhstan,2017,0.824
kazakhstan,2018,0.828
kazakhstan,2019,0.834
kazakhstan,2020,0.826
kazakhstan,2021,0.816
kazakhstan,2022,0.831
kazakhstan,2023,0.837
kenya,1990,0.485
kenya,1991,0.485
kenya,1992,0.484
kenya,1993,0.483
kenya,1994,0.484
kenya,1995,0.488
kenya,1996,0.491
kenya,1997,0.493
kenya,1998,0.496
kenya,1999,0.499
kenya,2000,0.5
kenya,2001,0.505
kenya,2002,0.504
kenya,2003,0.515
kenya,2004,0.526
kenya,2005,0.532
kenya,2006,0.541
kenya,2007,0.548
kenya,2008,0.553
kenya,2009,0.553
kenya,2010,0.552
kenya,2011,0.56
kenya,2012,0.565
kenya,2013,0.57
kenya,2014,0.576
kenya,2015,0.583
kenya,2016,0.594
kenya,2017,0.599
kenya,2018,0.605
kenya,2019,0.611
kenya,2020,0.6
kenya,2021,0.608
kenya,2022,0.626
kenya,2023,0.628
kiribati,2005,0.588
kiribati,2006,0.593
kiribati,2007,0.596
kiribati,2008,0.596
kiribati,2009,0.598
kiribati,2010,0.6
kiribati,2011,0.603
kiribati,2012,0.608
kiribati,2013,0.613
kiribati,2014,0.615
kiribati,2015,0.623
kiribati,2016,0.627
kiribati,2017,0.63
kiribati,2018,0.633
kiribati,2019,0.635
kiribati,2020,0.632
kiribati,2021,0.631
kiribati,2022,0.642
kiribati,2023,0.644
korea_republic_of,1990,0.738
korea_republic_of,1991,0.749
korea_republic_of,1992,0.759
korea_republic_of,1993,0.77
korea_republic_of,1994,0.779
korea_republic_of,1995,0.789
korea_republic_of,1996,0.801
korea_republic_of,1997,0.812
korea_republic_of,1998,0.809
korea_republic_of,1999,0.821
korea_republic_of,2000,0.83
korea_republic_of,2001,0.838
korea_republic_of,2002,0.846
korea_republic_of,2003,0.852
korea_republic_of,2004,0.859
korea_republic_of,2005,0.866
korea_republic_of,2006,0.871
korea_republic_of,2007,0.876
korea_republic_of,2008,0.878
korea_republic_of,2009,0.881
korea_republic_of,2010,0.894
korea_republic_of,2011,0.899
korea_republic_of,2012,0.901
korea_republic_of,2013,0.905
korea_republic_of,2014,0.91
korea_republic_of,2015,0.914
korea_republic_of,2016,0.918
korea_republic_of,2017,0.922
korea_republic_of,2018,0.924
korea_republic_of,2019,0.927
korea_republic_of,2020,0.928
korea_republic_of,2021,0.933
korea_republic_of,2022,0.928
korea_republic_of,2023,0.937
kuwait,1990,0.698
kuwait,1991,0.685
kuwait,1992,0.699
kuwait,1993,0.704
kuwait,1994,0.734
kuwait,1995,0.763
kuwait,1996,0.769
kuwait,1997,0.765
kuwait,1998,0.77
kuwait,1999,0.773
kuwait,2000,0.778
kuwait,2001,0.777
kuwait,2002,0.783
kuwait,2003,0.795
kuwait,2004,0.798
kuwait,2005,0.798
kuwait,2006,0.799
kuwait,2007,0.801
kuwait,2008,0.805
kuwait,2009,0.809
kuwait,2010,0.812
kuwait,2011,0.817
kuwait,2012,0.822
kuwait,2013,0.814
kuwait,2014,0.818
kuwait,2015,0.832
kuwait,2016,0.836
kuwait,2017,0.838
kuwait,2018,0.84
kuwait,2019,0.843
kuwait,2020,0.837
kuwait,2021,0.839
kuwait,2022,0.845
kuwait,2023,0.852
kyrgyzstan,1990,0.649
kyrgyzstan,1991,0.643
kyrgyzstan,1992,0.631
kyrgyzstan,1993,0.615
kyrgyzstan,1994,0.595
kyrgyzstan,1995,0.59
kyrgyzstan,1996,0.597
kyrgyzstan,1997,0.608
kyrgyzstan,1998,0.613
kyrgyzstan,1999,0.619
kyrgyzstan,2000,0.627
kyrgyzstan,2001,0.634
kyrgyzstan,2002,0.635
kyrgyzstan,2003,0.642
kyrgyzstan,2004,0.646
kyrgyzstan,2005,0.648
kyrgyzstan,2006,0.652
kyrgyzstan,2007,0.658
kyrgyzstan,2008,0.666
kyrgyzstan,2009,0.669
kyrgyzstan,2010,0.668
kyrgyzstan,2011,0.67
kyrgyzstan,2012,0.679
kyrgyzstan,2013,0.686
kyrgyzstan,2014,0.691
kyrgyzstan,2015,0.695
kyrgyzstan,2016,0.7
kyrgyzstan,2017,0.704
kyrgyzstan,2018,0.708
kyrgyzstan,2019,0.708
kyrgyzstan,2020,0.7
kyrgyzstan,2021,0.704
kyrgyzstan,2022,0.717
kyrgyzstan,2023,0.72
lao_people_s_democratic_republic,1990,0.409
lao_people_s_democratic_republic,1991,0.415
lao_people_s_democratic_republic,1992,0.42
lao_people_s_democratic_republic,1993,0.426
lao_people_s_democratic_republic,1994,0.434
lao_people_s_democratic_republic,1995,0.436
lao_people_s_democratic_republic,1996,0.449
lao_people_s_democratic_republic,1997,0.455
lao_people_s_democratic_republic,1998,0.462
lao_people_s_democratic_republic,1999,0.469
lao_people_s_democratic_republic,2000,0.473
lao_people_s_democratic_republic,2001,0.479
lao_people_s_democratic_republic,2002,0.488
lao_people_s_democratic_republic,2003,0.496
lao_people_s_democratic_republic,2004,0.505
lao_people_s_democratic_republic,2005,0.514
lao_people_s_democratic_republic,2006,0.515
lao_people_s_democratic_republic,2007,0.529
lao_people_s_democratic_republic,2008,0.537
lao_people_s_democratic_republic,2009,0.548
lao_people_s_democratic_republic,2010,0.556
lao_people_s_democratic_republic,2011,0.567
lao_people_s_democratic_republic,2012,0.577
lao_people_s_democratic_republic,2013,0.587
lao_people_s_democratic_republic,2014,0.597
lao_people_s_democratic_republic,2015,0.604
lao_people_s_democratic_republic,2016,0.609
lao_people_s_democratic_republic,2017,0.612
lao_people_s_democratic_republic,2018,0.613
lao_people_s_democratic_republic,2019,0.615
lao_people_s_democratic_republic,2020,0.616
lao_people_s_democratic_republic,2021,0.613
lao_people_s_democratic_republic,2022,0.614
lao_people_s_democratic_republic,2023,0.617
latvia,1990,0.736
latvia,1991,0.733
latvia,1992,0.709
latvia,1993,0.692
latvia,1994,0.686
latvia,1995,0.695
latvia,1996,0.714
latvia,1997,0.727
latvia,1998,0.738
latvia,1999,0.753
latvia,2000,0.764
latvia,2001,0.775
latvia,2002,0.786
latvia,2003,0.798
latvia,2004,0.809
latvia,2005,0.818
latvia,2006,0.823
latvia,2007,0.829
latvia,2008,0.837
latvia,2009,0.836
latvia,2010,0.833
latvia,2011,0.84
latvia,2012,0.843
latvia,2013,0.852
latvia,2014,0.854
latvia,2015,0.859
latvia,2016,0.864
latvia,2017,0.87
latvia,2018,0.875
latvia,2019,0.88
latvia,2020,0.879
latvia,2021,0.871
latvia,2022,0.881
latvia,2023,0.889
lebanon,2005,0.71
lebanon,2006,0.713
lebanon,2007,0.726
lebanon,2008,0.734
lebanon,2009,0.743
lebanon,2010,0.75
lebanon,2011,0.758
lebanon,2012,0.762
lebanon,2013,0.762
lebanon,2014,0.761
lebanon,2015,0.763
lebanon,2016,0.767
lebanon,2017,0.772
lebanon,2018,0.774
lebanon,2019,0.771
lebanon,2020,0.75
lebanon,2021,0.733
lebanon,2022,0.755
lebanon,2023,0.752
lesotho,1990,0.483
lesotho,1991,0.482
lesotho,1992,0.481
lesotho,1993,0.477
lesotho,1994,0.478
lesotho,1995,0.476
lesotho,1996,0.473
lesotho,1997,0.469
lesotho,1998,0.469
lesotho,1999,0.462
lesotho,2000,0.462
lesotho,2001,0.457
lesotho,2002,0.455
lesotho,2003,0.456
lesotho,2004,0.454
lesotho,2005,0.454
lesotho,2006,0.451
lesotho,2007,0.458
lesotho,2008,0.463
lesotho,2009,0.468
lesotho,2010,0.478
lesotho,2011,0.485
lesotho,2012,0.496
lesotho,2013,0.502
lesotho,2014,0.509
lesotho,2015,0.517
lesotho,2016,0.526
lesotho,2017,0.531
lesotho,2018,0.538
lesotho,2019,0.541
lesotho,2020,0.537
lesotho,2021,0.532
lesotho,2022,0.547
lesotho,2023,0.55
liberia,1999,0.403
liberia,2000,0.443
liberia,2001,0.448
liberia,2002,0.453
liberia,2003,0.429
liberia,2004,0.442
liberia,2005,0.446
liberia,2006,0.45
liberia,2007,0.455
liberia,2008,0.459
liberia,2009,0.463
liberia,2010,0.467
liberia,2011,0.471
liberia,2012,0.475
liberia,2013,0.481
liberia,2014,0.479
liberia,2015,0.48
liberia,2016,0.485
liberia,2017,0.491
liberia,2018,0.495
liberia,2019,0.497
liberia,2020,0.498
liberia,2021,0.503
liberia,2022,0.508
liberia,2023,0.51
libya,1990,0.69
libya,1991,0.7
libya,1992,0.703
libya,1993,0.705
libya,1994,0.71
libya,1995,0.712
libya,1996,0.716
libya,1997,0.721
libya,1998,0.721
libya,1999,0.724
libya,2000,0.727
libya,2001,0.73
libya,2002,0.733
libya,2003,0.739
libya,2004,0.741
libya,2005,0.747
libya,2006,0.751
libya,2007,0.754
libya,2008,0.754
libya,2009,0.753
libya,2010,0.755
libya,2011,0.715
libya,2012,0.758
libya,2013,0.748
libya,2014,0.728
libya,2015,0.728
libya,2016,0.725
libya,2017,0.74
libya,2018,0.743
libya,2019,0.737
libya,2020,0.688
libya,2021,0.729
libya,2022,0.741
libya,2023,0.721
liechtenstein,2000,0.882
liechtenstein,2001,0.888
liechtenstein,2002,0.893
liechtenstein,2003,0.897
liechtenstein,2004,0.904
liechtenstein,2005,0.903
liechtenstein,2006,0.908
liechtenstein,2007,0.909
liechtenstein,2008,0.912
liechtenstein,2009,0.913
liechtenstein,2010,0.914
liechtenstein,2011,0.919
liechtenstein,2012,0.919
liechtenstein,2013,0.92
liechtenstein,2014,0.923
liechtenstein,2015,0.925
liechtenstein,2016,0.926
liechtenstein,2017,0.929
liechtenstein,2018,0.928
liechtenstein,2019,0.935
liechtenstein,2020,0.929
liechtenstein,2021,0.933
liechtenstein,2022,0.936
liechtenstein,2023,0.938
lithuania,1990,0.745
lithuania,1991,0.738
lithuania,1992,0.723
lithuania,1993,0.705
lithuania,1994,0.699
lithuania,1995,0.706
lithuania,1996,0.723
lithuania,1997,0.739
lithuania,1998,0.751
lithuania,1999,0.762
lithuania,2000,0.778
lithuania,2001,0.787
lithuania,2002,0.799
lithuania,2003,0.812
lithuania,2004,0.821
lithuania,2005,0.828
lithuania,2006,0.834
lithuania,2007,0.839
lithuania,2008,0.849
lithuania,2009,0.851
lithuania,2010,0.854
lithuania,2011,0.86
lithuania,2012,0.862
lithuania,2013,0.865
lithuania,2014,0.866
lithuania,2015,0.869
lithuania,2016,0.875
lithuania,2017,0.885
lithuania,2018,0.889
lithuania,2019,0.894
lithuania,2020,0.888
lithuania,2021,0.887
lithuania,2022,0.888
lithuania,2023,0.895
luxembourg,1990,0.787
luxembourg,1991,0.796
luxembourg,1992,0.801
luxembourg,1993,0.812
luxembourg,1994,0.82
luxembourg,1995,0.824
luxembourg,1996,0.832
luxembourg,1997,0.837
luxembourg,1998,0.845
luxembourg,1999,0.858
luxembourg,2000,0.861
luxembourg,2001,0.863
luxembourg,2002,0.868
luxembourg,2003,0.87
luxembourg,2004,0.878
luxembourg,2005,0.879
luxembourg,2006,0.88
luxembourg,2007,0.883
luxembourg,2008,0.896
luxembourg,2009,0.905
luxembourg,2010,0.909
luxembourg,2011,0.911
luxembourg,2012,0.914
luxembourg,2013,0.919
luxembourg,2014,0.924
luxembourg,2015,0.913
luxembourg,2016,0.916
luxembourg,2017,0.913
luxembourg,2018,0.915
luxembourg,2019,0.916
luxembourg,2020,0.916
luxembourg,2021,0.918
luxembourg,2022,0.922
luxembourg,2023,0.922
madagascar,1999,0.436
madagascar,2000,0.443
madagascar,2001,0.451
madagascar,2002,0.448
madagascar,2003,0.458
madagascar,2004,0.465
madagascar,2005,0.47
madagascar,2006,0.474
madagascar,2007,0.482
madagascar,2008,0.49
madagascar,2009,0.493
madagascar,2010,0.493
madagascar,2011,0.494
madagascar,2012,0.496
madagascar,2013,0.497
madagascar,2014,0.5
madagascar,2015,0.501
madagascar,2016,0.501
madagascar,2017,0.505
madagascar,2018,0.501
madagascar,2019,0.495
madagascar,2020,0.483
madagascar,2021,0.481
madagascar,2022,0.483
madagascar,2023,0.487
malawi,1990,0.306
malawi,1991,0.31
malawi,1992,0.318
malawi,1993,0.324
malawi,1994,0.325
malawi,1995,0.37
malawi,1996,0.375
malawi,1997,0.379
malawi,1998,0.384
malawi,1999,0.392
malawi,2000,0.394
malawi,2001,0.4
malawi,2002,0.407
malawi,2003,0.414
malawi,2004,0.421
malawi,2005,0.427
malawi,2006,0.436
malawi,2007,0.444
malawi,2008,0.455
malawi,2009,0.465
malawi,2010,0.475
malawi,2011,0.483
malawi,2012,0.488
malawi,2013,0.494
malawi,2014,0.5
malawi,2015,0.504
malawi,2016,0.506
malawi,2017,0.508
malawi,2018,0.51
malawi,2019,0.513
malawi,2020,0.512
malawi,2021,0.509
malawi,2022,0.513
malawi,2023,0.517
malaysia,1990,0.653
malaysia,1991,0.661
malaysia,1992,0.67
malaysia,1993,0.677
malaysia,1994,0.684
malaysia,1995,0.691
malaysia,1996,0.701
malaysia,1997,0.713
malaysia,1998,0.718
malaysia,1999,0.723
malaysia,2000,0.733
malaysia,2001,0.731
malaysia,2002,0.732
malaysia,2003,0.737
malaysia,2004,0.739
malaysia,2005,0.736
malaysia,2006,0.742
malaysia,2007,0.754
malaysia,2008,0.765
malaysia,2009,0.773
malaysia,2010,0.779
malaysia,2011,0.782
malaysia,2012,0.787
malaysia,2013,0.791
malaysia,2014,0.795
malaysia,2015,0.8
malaysia,2016,0.805
malaysia,2017,0.807
malaysia,2018,0.809
malaysia,2019,0.812
malaysia,2020,0.81
malaysia,2021,0.802
malaysia,2022,0.81
malaysia,2023,0.819
maldives,2000,0.639
maldives,2001,0.639
maldives,2002,0.645
maldives,2003,0.654
maldives,2004,0.655
maldives,2005,0.657
maldives,2006,0.672
maldives,2007,0.672
maldives,2008,0.681
maldives,2009,0.682
maldives,2010,0.689
maldives,2011,0.698
maldives,2012,0.704
maldives,2013,0.71
maldives,2014,0.718
maldives,2015,0.725
maldives,2016,0.732
maldives,2017,0.739
maldives,2018,0.744
maldives,2019,0.749
maldives,2020,0.73
maldives,2021,0.745
maldives,2022,0.764
maldives,2023,0.766
mali,1990,0.24
mali,1991,0.247
mali,1992,0.251
mali,1993,0.259
mali,1994,0.266
mali,1995,0.273
mali,1996,0.282
mali,1997,0.293
mali,1998,0.303
mali,1999,0.314
mali,2000,0.32
mali,2001,0.332
mali,2002,0.34
mali,2003,0.352
mali,2004,0.359
mali,2005,0.368
mali,2006,0.377
mali,2007,0.386
mali,2008,0.395
mali,2009,0.403
mali,2010,0.41
mali,2011,0.415
mali,2012,0.411
mali,2013,0.409
mali,2014,0.414
mali,2015,0.413
mali,2016,0.411
mali,2017,0.416
mali,2018,0.421
mali,2019,0.425
mali,2020,0.414
mali,2021,0.414
mali,2022,0.417
mali,2023,0.419
malta,1990,0.735
malta,1991,0.742
malta,1992,0.748
malta,1993,0.754
malta,1994,0.758
malta,1995,0.763
malta,1996,0.763
malta,1997,0.772
malta,1998,0.781
malta,1999,0.784
malta,2000,0.79
malta,2001,0.801
malta,2002,0.806
malta,2003,0.818
malta,2004,0.832
malta,2005,0.84
malta,2006,0.838
malta,2007,0.845
malta,2008,0.848
malta,2009,0.854
malta,2010,0.867
malta,2011,0.862
malta,2012,0.87
malta,2013,0.88
malta,2014,0.886
malta,2015,0.892
malta,2016,0.891
malta,2017,0.901
malta,2018,0.908
malta,2019,0.91
malta,2020,0.903
malta,2021,0.914
malta,2022,0.917
malta,2023,0.924
marshall_islands,2011,0.666
marshall_islands,2012,0.668
marshall_islands,2013,0.676
marshall_islands,2014,0.681
marshall_islands,2015,0.691
marshall_islands,2016,0.696
marshall_islands,2017,0.702
marshall_islands,2018,0.71
marshall_islands,2019,0.722
marshall_islands,2020,0.722
marshall_islands,2021,0.723
marshall_islands,2022,0.732
marshall_islands,2023,0.733
mauritania,1990,0.396
mauritania,1991,0.401
mauritania,1992,0.409
mauritania,1993,0.421
mauritania,1994,0.432
mauritania,1995,0.439
mauritania,1996,0.448
mauritania,1997,0.45
mauritania,1998,0.46
mauritania,1999,0.467
mauritania,2000,0.468
mauritania,2001,0.47
mauritania,2002,0.475
mauritania,2003,0.482
mauritania,2004,0.494
mauritania,2005,0.5
mauritania,2006,0.512
mauritania,2007,0.512
mauritania,2008,0.512
mauritania,2009,0.522
mauritania,2010,0.525
mauritania,2011,0.53
mauritania,2012,0.538
mauritania,2013,0.544
mauritania,2014,0.547
mauritania,2015,0.551
mauritania,2016,0.548
mauritania,2017,0.551
mauritania,2018,0.561
mauritania,2019,0.566
mauritania,2020,0.554
mauritania,2021,0.553
mauritania,2022,0.562
mauritania,2023,0.563
mauritius,1990,0.627
mauritius,1991,0.632
mauritius,1992,0.637
mauritius,1993,0.641
mauritius,1994,0.645
mauritius,1995,0.65
mauritius,1996,0.653
mauritius,1997,0.659
mauritius,1998,0.667
mauritius,1999,0.675
mauritius,2000,0.683
mauritius,2001,0.697
mauritius,2002,0.701
mauritius,2003,0.709
mauritius,2004,0.716
mauritius,2005,0.723
mauritius,2006,0.729
mauritius,2007,0.736
mauritius,2008,0.742
mauritius,2009,0.748
mauritius,2010,0.755
mauritius,2011,0.762
mauritius,2012,0.778
mauritius,2013,0.781
mauritius,2014,0.79
mauritius,2015,0.792
mauritius,2016,0.795
mauritius,2017,0.799
mauritius,2018,0.801
mauritius,2019,0.803
mauritius,2020,0.795
mauritius,2021,0.789
mauritius,2022,0.794
mauritius,2023,0.806
mexico,1990,0.668
mexico,1991,0.67
mexico,1992,0.672
mexico,1993,0.675
mexico,1994,0.68
mexico,1995,0.68
mexico,1996,0.687
mexico,1997,0.694
mexico,1998,0.701
mexico,1999,0.706
mexico,2000,0.712
mexico,2001,0.715
mexico,2002,0.722
mexico,2003,0.728
mexico,2004,0.732
mexico,2005,0.736
mexico,2006,0.745
mexico,2007,0.747
mexico,2008,0.75
mexico,2009,0.749
mexico,2010,0.751
mexico,2011,0.757
mexico,2012,0.764
mexico,2013,0.765
mexico,2014,0.769
mexico,2015,0.773
mexico,2016,0.778
mexico,2017,0.781
mexico,2018,0.785
mexico,2019,0.788
mexico,2020,0.763
mexico,2021,0.761
mexico,2022,0.783
mexico,2023,0.789
micronesia_federated_states_of,2000,0.596
micronesia_federated_states_of,2001,0.599
micronesia_federated_states_of,2002,0.596
micronesia_federated_states_of,2003,0.601
micronesia_federated_states_of,2004,0.6
micronesia_federated_states_of,2005,0.601
micronesia_federated_states_of,2006,0.602
micronesia_federated_states_of,2007,0.601
micronesia_federated_states_of,2008,0.6
micronesia_federated_states_of,2009,0.601
micronesia_federated_states_of,2010,0.603
micronesia_federated_states_of,2011,0.605
micronesia_federated_states_of,2012,0.605
micronesia_federated_states_of,2013,0.603
micronesia_federated_states_of,2014,0.602
micronesia_federated_states_of,2015,0.604
micronesia_federated_states_of,2016,0.606
micronesia_federated_states_of,2017,0.607
micronesia_federated_states_of,2018,0.608
micronesia_federated_states_of,2019,0.611
micronesia_federated_states_of,2020,0.609
micronesia_federated_states_of,2021,0.611
micronesia_federated_states_of,2022,0.614
micronesia_federated_states_of,2023,0.615
moldova_republic_of,2005,0.702
moldova_republic_of,2006,0.711
moldova_republic_of,2007,0.718
moldova_republic_of,2008,0.728
moldova_republic_of,2009,0.729
moldova_republic_of,2010,0.739
moldova_republic_of,2011,0.748
moldova_republic_of,2012,0.754
moldova_republic_of,2013,0.758
moldova_republic_of,2014,0.762
moldova_republic_of,2015,0.759
moldova_republic_of,2016,0.763
moldova_republic_of,2017,0.769
moldova_republic_of,2018,0.772
moldova_republic_of,2019,0.775
moldova_republic_of,2020,0.77
moldova_republic_of,2021,0.773
moldova_republic_of,2022,0.784
moldova_republic_of,2023,0.785
mongolia,1990,0.593
mongolia,1991,0.591
mongolia,1992,0.581
mongolia,1993,0.567
mongolia,1994,0.568
mongolia,1995,0.572
mongolia,1996,0.578
mongolia,1997,0.585
mongolia,1998,0.594
mongolia,1999,0.602
mongolia,2000,0.611
mongolia,2001,0.622
mongolia,2002,0.631
mongolia,2003,0.643
mongolia,2004,0.658
mongolia,2005,0.671
mongolia,2006,0.683
mongolia,2007,0.696
mongolia,2008,0.707
mongolia,2009,0.711
mongolia,2010,0.714
mongolia,2011,0.725
mongolia,2012,0.735
mongolia,2013,0.744
mongolia,2014,0.748
mongolia,2015,0.753
mongolia,2016,0.759
mongolia,2017,0.759
mongolia,2018,0.767
mongolia,2019,0.758
mongolia,2020,0.741
mongolia,2021,0.727
mongolia,2022,0.742
mongolia,2023,0.747
montenegro,2003,0.764
montenegro,2004,0.768
montenegro,2005,0.773
montenegro,2006,0.785
montenegro,2007,0.795
montenegro,2008,0.806
montenegro,2009,0.809
montenegro,2010,0.815
montenegro,2011,0.822
montenegro,2012,0.825
montenegro,2013,0.83
montenegro,2014,0.833
montenegro,2015,0.839
montenegro,2016,0.836
montenegro,2017,0.843
montenegro,2018,0.849
montenegro,2019,0.851
montenegro,2020,0.841
montenegro,2021,0.84
montenegro,2022,0.853
montenegro,2023,0.862
morocco,1990,0.451
morocco,1991,0.457
morocco,1992,0.461
morocco,1993,0.468
morocco,1994,0.48
morocco,1995,0.484
morocco,1996,0.495
morocco,1997,0.5
morocco,1998,0.507
morocco,1999,0.517
morocco,2000,0.528
morocco,2001,0.539
morocco,2002,0.55
morocco,2003,0.56
morocco,2004,0.567
morocco,2005,0.573
morocco,2006,0.579
morocco,2007,0.586
morocco,2008,0.593
morocco,2009,0.598
morocco,2010,0.607
morocco,2011,0.619
morocco,2012,0.629
morocco,2013,0.639
morocco,2014,0.648
morocco,2015,0.659
morocco,2016,0.665
morocco,2017,0.674
morocco,2018,0.68
morocco,2019,0.687
morocco,2020,0.683
morocco,2021,0.69
morocco,2022,0.704
morocco,2023,0.71
mozambique,1990,0.246
mozambique,1991,0.25
mozambique,1992,0.245
mozambique,1993,0.252
mozambique,1994,0.255
mozambique,1995,0.257
mozambique,1996,0.269
mozambique,1997,0.281
mozambique,1998,0.292
mozambique,1999,0.304
mozambique,2000,0.311
mozambique,2001,0.326
mozambique,2002,0.335
mozambique,2003,0.35
mozambique,2004,0.36
mozambique,2005,0.371
mozambique,2006,0.379
mozambique,2007,0.392
mozambique,2008,0.403
mozambique,2009,0.411
mozambique,2010,0.419
mozambique,2011,0.424
mozambique,2012,0.431
mozambique,2013,0.443
mozambique,2014,0.45
mozambique,2015,0.457
mozambique,2016,0.46
mozambique,2017,0.461
mozambique,2018,0.469
mozambique,2019,0.475
mozambique,2020,0.477
mozambique,2021,0.478
mozambique,2022,0.49
mozambique,2023,0.493
myanmar,1990,0.347
myanmar,1991,0.354
myanmar,1992,0.368
myanmar,1993,0.374
myanmar,1994,0.381
myanmar,1995,0.385
myanmar,1996,0.391
myanmar,1997,0.396
myanmar,1998,0.399
myanmar,1999,0.406
myanmar,2000,0.415
myanmar,2001,0.423
myanmar,2002,0.433
myanmar,2003,0.443
myanmar,2004,0.453
myanmar,2005,0.463
myanmar,2006,0.473
myanmar,2007,0.483
myanmar,2008,0.468
myanmar,2009,0.504
myanmar,2010,0.515
myanmar,2011,0.525
myanmar,2012,0.535
myanmar,2013,0.546
myanmar,2014,0.557
myanmar,2015,0.566
myanmar,2016,0.574
myanmar,2017,0.587
myanmar,2018,0.6
myanmar,2019,0.61
myanmar,2020,0.609
myanmar,2021,0.605
myanmar,2022,0.606
myanmar,2023,0.609
namibia,1990,0.597
namibia,1991,0.602
namibia,1992,0.603
namibia,1993,0.601
namibia,1994,0.6
namibia,1995,0.595
namibia,1996,0.587
namibia,1997,0.58
namibia,1998,0.574
namibia,1999,0.565
namibia,2000,0.561
namibia,2001,0.555
namibia,2002,0.555
namibia,2003,0.558
namibia,2004,0.563
namibia,2005,0.564
namibia,2006,0.569
namibia,2007,0.576
namibia,2008,0.581
namibia,2009,0.585
namibia,2010,0.591
namibia,2011,0.598
namibia,2012,0.607
namibia,2013,0.616
namibia,2014,0.624
namibia,2015,0.63
namibia,2016,0.634
namibia,2017,0.638
namibia,2018,0.642
namibia,2019,0.647
namibia,2020,0.647
namibia,2021,0.631
namibia,2022,0.649
namibia,2023,0.665
nauru,2005,0.589
nauru,2006,0.565
nauru,2007,0.581
nauru,2008,0.614
nauru,2009,0.607
nauru,2010,0.616
nauru,2011,0.624
nauru,2012,0.633
nauru,2013,0.64
nauru,2014,0.655
nauru,2015,0.66
nauru,2016,0.67
nauru,2017,0.67
nauru,2018,0.668
nauru,2019,0.678
nauru,2020,0.684
nauru,2021,0.692
nauru,2022,0.7
nauru,2023,0.703
nepal,1990,0.404
nepal,1991,0.412
nepal,1992,0.42
nepal,1993,0.425
nepal,1994,0.433
nepal,1995,0.438
nepal,1996,0.447
nepal,1997,0.453
nepal,1998,0.459
nepal,1999,0.464
nepal,2000,0.471
nepal,2001,0.472
nepal,2002,0.479
nepal,2003,0.486
nepal,2004,0.493
nepal,2005,0.5
nepal,2006,0.512
nepal,2007,0.516
nepal,2008,0.526
nepal,2009,0.538
nepal,2010,0.551
nepal,2011,0.559
nepal,2012,0.565
nepal,2013,0.57
nepal,2014,0.574
nepal,2015,0.575
nepal,2016,0.58
nepal,2017,0.588
nepal,2018,0.596
nepal,2019,0.604
nepal,2020,0.599
nepal,2021,0.596
nepal,2022,0.605
nepal,2023,0.622
netherlands,1990,0.855
netherlands,1991,0.86
netherlands,1992,0.861
netherlands,1993,0.863
netherlands,1994,0.889
netherlands,1995,0.886
netherlands,1996,0.89
netherlands,1997,0.891
netherlands,1998,0.893
netherlands,1999,0.894
netherlands,2000,0.9
netherlands,2001,0.902
netherlands,2002,0.898
netherlands,2003,0.901
netherlands,2004,0.904
netherlands,2005,0.907
netherlands,2006,0.914
netherlands,2007,0.92
netherlands,2008,0.92
netherlands,2009,0.92
netherlands,2010,0.925
netherlands,2011,0.935
netherlands,2012,0.935
netherlands,2013,0.937
netherlands,2014,0.939
netherlands,2015,0.94
netherlands,2016,0.941
netherlands,2017,0.945
netherlands,2018,0.947
netherlands,2019,0.95
netherlands,2020,0.945
netherlands,2021,0.951
netherlands,2022,0.953
netherlands,2023,0.955
new_zealand,1990,0.811
new_zealand,1991,0.813
new_zealand,1992,0.822
new_zealand,1993,0.838
new_zealand,1994,0.852
new_zealand,1995,0.858
new_zealand,1996,0.862
new_zealand,1997,0.871
new_zealand,1998,0.881
new_zealand,1999,0.886
new_zealand,2000,0.896
new_zealand,2001,0.902
new_zealand,2002,0.905
new_zealand,2003,0.91
new_zealand,2004,0.912
new_zealand,2005,0.917
new_zealand,2006,0.918
new_zealand,2007,0.921
new_zealand,2008,0.92
new_zealand,2009,0.923
new_zealand,2010,0.926
new_zealand,2011,0.927
new_zealand,2012,0.929
new_zealand,2013,0.933
new_zealand,2014,0.932
new_zealand,2015,0.934
new_zealand,2016,0.938
new_zealand,2017,0.936
new_zealand,2018,0.938
new_zealand,2019,0.938
new_zealand,2020,0.94
new_zealand,2021,0.939
new_zealand,2022,0.933
new_zealand,2023,0.938
nicaragua,1990,0.515
nicaragua,1991,0.526
nicaragua,1992,0.531
nicaragua,1993,0.534
nicaragua,1994,0.54
nicaragua,1995,0.549
nicaragua,1996,0.559
nicaragua,1997,0.568
nicaragua,1998,0.569
nicaragua,1999,0.585
nicaragua,2000,0.593
nicaragua,2001,0.601
nicaragua,2002,0.609
nicaragua,2003,0.615
nicaragua,2004,0.623
nicaragua,2005,0.63
nicaragua,2006,0.636
nicaragua,2007,0.642
nicaragua,2008,0.646
nicaragua,2009,0.646
nicaragua,2010,0.651
nicaragua,2011,0.657
nicaragua,2012,0.664
nicaragua,2013,0.668
nicaragua,2014,0.674
nicaragua,2015,0.679
nicaragua,2016,0.684
nicaragua,2017,0.688
nicaragua,2018,0.69
nicaragua,2019,0.69
nicaragua,2020,0.676
nicaragua,2021,0.682
nicaragua,2022,0.701
nicaragua,2023,0.706
niger,1990,0.215
niger,1991,0.219
niger,1992,0.222
niger,1993,0.228
niger,1994,0.233
niger,1995,0.238
niger,1996,0.245
niger,1997,0.25
niger,1998,0.258
niger,1999,0.263
niger,2000,0.266
niger,2001,0.272
niger,2002,0.278
niger,2003,0.284
niger,2004,0.292
niger,2005,0.302
niger,2006,0.309
niger,2007,0.313
niger,2008,0.323
niger,2009,0.329
niger,2010,0.339
niger,2011,0.346
niger,2012,0.356
niger,2013,0.362
niger,2014,0.369
niger,2015,0.374
niger,2016,0.38
niger,2017,0.384
niger,2018,0.391
niger,2019,0.4
niger,2020,0.404
niger,2021,0.413
niger,2022,0.414
niger,2023,0.419
nigeria,1990,0.379
nigeria,1991,0.383
nigeria,1992,0.388
nigeria,1993,0.393
nigeria,1994,0.397
nigeria,1995,0.402
nigeria,1996,0.408
nigeria,1997,0.413
nigeria,1998,0.419
nigeria,1999,0.425
nigeria,2000,0.435
nigeria,2001,0.438
nigeria,2002,0.451
nigeria,2003,0.464
nigeria,2004,0.477
nigeria,2005,0.484
nigeria,2006,0.489
nigeria,2007,0.492
nigeria,2008,0.497
nigeria,2009,0.499
nigeria,2010,0.502
nigeria,2011,0.508
nigeria,2012,0.512
nigeria,2013,0.517
nigeria,2014,0.524
nigeria,2015,0.53
nigeria,2016,0.532
nigeria,2017,0.534
nigeria,2018,0.537
nigeria,2019,0.544
nigeria,2020,0.547
nigeria,2021,0.554
nigeria,2022,0.557
nigeria,2023,0.56
north_macedonia,1990,0.644
north_macedonia,1991,0.647
north_macedonia,1992,0.642
north_macedonia,1993,0.647
north_macedonia,1994,0.648
north_macedonia,1995,0.653
north_macedonia,1996,0.657
north_macedonia,1997,0.661
north_macedonia,1998,0.666
north_macedonia,1999,0.675
north_macedonia,2000,0.686
north_macedonia,2001,0.691
north_macedonia,2002,0.694
north_macedonia,2003,0.7
north_macedonia,2004,0.708
north_macedonia,2005,0.717
north_macedonia,2006,0.726
north_macedonia,2007,0.732
north_macedonia,2008,0.753
north_macedonia,2009,0.757
north_macedonia,2010,0.765
north_macedonia,2011,0.771
north_macedonia,2012,0.775
north_macedonia,2013,0.782
north_macedonia,2014,0.788
north_macedonia,2015,0.795
north_macedonia,2016,0.8
north_macedonia,2017,0.807
north_macedonia,2018,0.814
north_macedonia,2019,0.805
north_macedonia,2020,0.783
north_macedonia,2021,0.781
north_macedonia,2022,0.811
north_macedonia,2023,0.815
norway,1990,0.856
norway,1991,0.863
norway,1992,0.868
norway,1993,0.875
norway,1994,0.89
norway,1995,0.887
norway,1996,0.894
norway,1997,0.9
norway,1998,0.908
norway,1999,0.913
norway,2000,0.924
norway,2001,0.923
norway,2002,0.923
norway,2003,0.93
norway,2004,0.937
norway,2005,0.939
norway,2006,0.942
norway,2007,0.943
norway,2008,0.943
norway,2009,0.944
norway,2010,0.947
norway,2011,0.949
norway,2012,0.95
norway,2013,0.953
norway,2014,0.956
norway,2015,0.959
norway,2016,0.962
norway,2017,0.965
norway,2018,0.966
norway,2019,0.967
norway,2020,0.969
norway,2021,0.969
norway,2022,0.967
norway,2023,0.97
oman,2000,0.707
oman,2001,0.719
oman,2002,0.729
oman,2003,0.739
oman,2004,0.743
oman,2005,0.756
oman,2006,0.766
oman,2007,0.774
oman,2008,0.782
oman,2009,0.799
oman,2010,0.804
oman,2011,0.822
oman,2012,0.824
oman,2013,0.827
oman,2014,0.831
oman,2015,0.838
oman,2016,0.845
oman,2017,0.848
oman,2018,0.854
oman,2019,0.857
oman,2020,0.843
oman,2021,0.834
oman,2022,0.846
oman,2023,0.858
pakistan,1990,0.396
pakistan,1991,0.4
pakistan,1992,0.405
pakistan,1993,0.408
pakistan,1994,0.412
pakistan,1995,0.415
pakistan,1996,0.42
pakistan,1997,0.422
pakistan,1998,0.426
pakistan,1999,0.431
pakistan,2000,0.436
pakistan,2001,0.443
pakistan,2002,0.45
pakistan,2003,0.458
pakistan,2004,0.472
pakistan,2005,0.48
pakistan,2006,0.489
pakistan,2007,0.495
pakistan,2008,0.496
pakistan,2009,0.497
pakistan,2010,0.5
pakistan,2011,0.504
pakistan,2012,0.508
pakistan,2013,0.512
pakistan,2014,0.522
pakistan,2015,0.527
pakistan,2016,0.535
pakistan,2017,0.537
pakistan,2018,0.538
pakistan,2019,0.54
pakistan,2020,0.536
pakistan,2021,0.537
pakistan,2022,0.544
pakistan,2023,0.544
palau,2000,0.736
palau,2001,0.741
palau,2002,0.746
palau,2003,0.749
palau,2004,0.755
palau,2005,0.761
palau,2006,0.765
palau,2007,0.771
palau,2008,0.773
palau,2009,0.776
palau,2010,0.779
palau,2011,0.784
palau,2012,0.787
palau,2013,0.791
palau,2014,0.795
palau,2015,0.802
palau,2016,0.804
palau,2017,0.804
palau,2018,0.805
palau,2019,0.806
palau,2020,0.799
palau,2021,0.789
palau,2022,0.786
palau,2023,0.786
palestine_state_of,2004,0.654
palestine_state_of,2005,0.663
palestine_state_of,2006,0.664
palestine_state_of,2007,0.674
palestine_state_of,2008,0.679
palestine_state_of,2009,0.685
palestine_state_of,2010,0.691
palestine_state_of,2011,0.698
palestine_state_of,2012,0.704
palestine_state_of,2013,0.706
palestine_state_of,2014,0.7
palestine_state_of,2015,0.712
palestine_state_of,2016,0.717
palestine_state_of,2017,0.721
palestine_state_of,2018,0.725
palestine_state_of,2019,0.729
palestine_state_of,2020,0.718
palestine_state_of,2021,0.718
palestine_state_of,2022,0.733
palestine_state_of,2023,0.674
panama,1990,0.672
panama,1991,0.674
panama,1992,0.68
panama,1993,0.686
panama,1994,0.688
panama,1995,0.69
panama,1996,0.694
panama,1997,0.701
panama,1998,0.707
panama,1999,0.712
panama,2000,0.718
panama,2001,0.723
panama,2002,0.73
panama,2003,0.735
panama,2004,0.741
panama,2005,0.746
panama,2006,0.753
panama,2007,0.763
panama,2008,0.767
panama,2009,0.77
panama,2010,0.775
panama,2011,0.781
panama,2012,0.798
panama,2013,0.799
panama,2014,0.798
panama,2015,0.803
panama,2016,0.81
panama,2017,0.815
panama,2018,0.82
panama,2019,0.824
panama,2020,0.808
panama,2021,0.819
panama,2022,0.835
panama,2023,0.839
papua_new_guinea,1990,0.403
papua_new_guinea,1991,0.411
papua_new_guinea,1992,0.421
papua_new_guinea,1993,0.432
papua_new_guinea,1994,0.439
papua_new_guinea,1995,0.442
papua_new_guinea,1996,0.448
papua_new_guinea,1997,0.449
papua_new_guinea,1998,0.446
papua_new_guinea,1999,0.454
papua_new_guinea,2000,0.456
papua_new_guinea,2001,0.458
papua_new_guinea,2002,0.461
papua_new_guinea,2003,0.464
papua_new_guinea,2004,0.468
papua_new_guinea,2005,0.473
papua_new_guinea,2006,0.479
papua_new_guinea,2007,0.485
papua_new_guinea,2008,0.489
papua_new_guinea,2009,0.495
papua_new_guinea,2010,0.503
papua_new_guinea,2011,0.508
papua_new_guinea,2012,0.514
papua_new_guinea,2013,0.522
papua_new_guinea,2014,0.534
papua_new_guinea,2015,0.543
papua_new_guinea,2016,0.55
papua_new_guinea,2017,0.555
papua_new_guinea,2018,0.559
papua_new_guinea,2019,0.566
papua_new_guinea,2020,0.567
papua_new_guinea,2021,0.567
papua_new_guinea,2022,0.572
papua_new_guinea,2023,0.576
paraguay,1990,0.607
paraguay,1991,0.613
paraguay,1992,0.619
paraguay,1993,0.626
paraguay,1994,0.631
paraguay,1995,0.637
paraguay,1996,0.646
paraguay,1997,0.653
paraguay,1998,0.659
paraguay,1999,0.664
paraguay,2000,0.664
paraguay,2001,0.671
paraguay,2002,0.679
paraguay,2003,0.673
paraguay,2004,0.681
paraguay,2005,0.683
paraguay,2006,0.684
paraguay,2007,0.69
paraguay,2008,0.7
paraguay,2009,0.7
paraguay,2010,0.709
paraguay,2011,0.715
paraguay,2012,0.719
paraguay,2013,0.73
paraguay,2014,0.733
paraguay,2015,0.737
paraguay,2016,0.737
paraguay,2017,0.74
paraguay,2018,0.744
paraguay,2019,0.747
paraguay,2020,0.742
paraguay,2021,0.723
paraguay,2022,0.747
paraguay,2023,0.756
peru,1990,0.625
peru,1991,0.628
peru,1992,0.629
peru,1993,0.633
peru,1994,0.644
peru,1995,0.654
peru,1996,0.658
peru,1997,0.663
peru,1998,0.671
peru,1999,0.68
peru,2000,0.682
peru,2001,0.69
peru,2002,0.69
peru,2003,0.689
peru,2004,0.694
peru,2005,0.691
peru,2006,0.697
peru,2007,0.708
peru,2008,0.714
peru,2009,0.717
peru,2010,0.731
peru,2011,0.738
peru,2012,0.748
peru,2013,0.757
peru,2014,0.763
peru,2015,0.768
peru,2016,0.775
peru,2017,0.775
peru,2018,0.78
peru,2019,0.784
peru,2020,0.769
peru,2021,0.764
peru,2022,0.79
peru,2023,0.794
philippines,1990,0.593
philippines,1991,0.594
philippines,1992,0.599
philippines,1993,0.602
philippines,1994,0.606
philippines,1995,0.609
philippines,1996,0.619
philippines,1997,0.623
philippines,1998,0.624
philippines,1999,0.628
philippines,2000,0.632
philippines,2001,0.636
philippines,2002,0.643
philippines,2003,0.648
philippines,2004,0.655
philippines,2005,0.656
philippines,2006,0.654
philippines,2007,0.659
philippines,2008,0.662
philippines,2009,0.662
philippines,2010,0.669
philippines,2011,0.674
philippines,2012,0.681
philippines,2013,0.687
philippines,2014,0.689
philippines,2015,0.69
philippines,2016,0.69
philippines,2017,0.694
philippines,2018,0.7
philippines,2019,0.708
philippines,2020,0.699
philippines,2021,0.69
philippines,2022,0.714
philippines,2023,0.72
poland,1990,0.722
poland,1991,0.72
poland,1992,0.724
poland,1993,0.737
poland,1994,0.747
poland,1995,0.754
poland,1996,0.763
poland,1997,0.775
poland,1998,0.784
poland,1999,0.793
poland,2000,0.801
poland,2001,0.809
poland,2002,0.816
poland,2003,0.822
poland,2004,0.82
poland,2005,0.826
poland,2006,0.831
poland,2007,0.836
poland,2008,0.841
poland,2009,0.846
poland,2010,0.852
poland,2011,0.858
poland,2012,0.863
poland,2013,0.873
poland,2014,0.873
poland,2015,0.879
poland,2016,0.884
poland,2017,0.882
poland,2018,0.884
poland,2019,0.887
poland,2020,0.88
poland,2021,0.884
poland,2022,0.902
poland,2023,0.906
portugal,1990,0.707
portugal,1991,0.718
portugal,1992,0.735
portugal,1993,0.751
portugal,1994,0.765
portugal,1995,0.773
portugal,1996,0.781
portugal,1997,0.789
portugal,1998,0.795
portugal,1999,0.793
portugal,2000,0.797
portugal,2001,0.801
portugal,2002,0.804
portugal,2003,0.808
portugal,2004,0.809
portugal,2005,0.81
portugal,2006,0.815
portugal,2007,0.821
portugal,2008,0.826
portugal,2009,0.831
portugal,2010,0.836
portugal,2011,0.843
portugal,2012,0.844
portugal,2013,0.849
portugal,2014,0.854
portugal,2015,0.857
portugal,2016,0.859
portugal,2017,0.864
portugal,2018,0.866
portugal,2019,0.872
portugal,2020,0.87
portugal,2021,0.876
portugal,2022,0.883
portugal,2023,0.89
qatar,1990,0.767
qatar,1991,0.768
qatar,1992,0.77
qatar,1993,0.778
qatar,1994,0.784
qatar,1995,0.788
qatar,1996,0.791
qatar,1997,0.794
qatar,1998,0.796
qatar,1999,0.796
qatar,2000,0.795
qatar,2001,0.795
qatar,2002,0.798
qatar,2003,0.804
qatar,2004,0.807
qatar,2005,0.815
qatar,2006,0.822
qatar,2007,0.831
qatar,2008,0.839
qatar,2009,0.838
qatar,2010,0.834
qatar,2011,0.835
qatar,2012,0.846
qatar,2013,0.859
qatar,2014,0.857
qatar,2015,0.86
qatar,2016,0.861
qatar,2017,0.87
qatar,2018,0.876
qatar,2019,0.88
qatar,2020,0.872
qatar,2021,0.866
qatar,2022,0.883
qatar,2023,0.886
romania,1990,0.719
romania,1991,0.705
romania,1992,0.694
romania,1993,0.692
romania,1994,0.695
romania,1995,0.701
romania,1996,0.707
romania,1997,0.709
romania,1998,0.715
romania,1999,0.724
romania,2000,0.73
romania,2001,0.737
romania,2002,0.745
romania,2003,0.749
romania,2004,0.757
romania,2005,0.765
romania,2006,0.781
romania,2007,0.792
romania,2008,0.815
romania,2009,0.826
romania,2010,0.822
romania,2011,0.823
romania,2012,0.817
romania,2013,0.821
romania,2014,0.82
romania,2015,0.823
romania,2016,0.823
romania,2017,0.828
romania,2018,0.833
romania,2019,0.838
romania,2020,0.832
romania,2021,0.829
romania,2022,0.84
romania,2023,0.845
russian_federation,1990,0.762
russian_federation,1991,0.758
russian_federation,1992,0.744
russian_federation,1993,0.725
russian_federation,1994,0.712
russian_federation,1995,0.713
russian_federation,1996,0.723
russian_federation,1997,0.734
russian_federation,1998,0.738
russian_federation,1999,0.74
russian_federation,2000,0.75
russian_federation,2001,0.758
russian_federation,2002,0.764
russian_federation,2003,0.772
russian_federation,2004,0.777
russian_federation,2005,0.78
russian_federation,2006,0.791
russian_federation,2007,0.802
russian_federation,2008,0.807
russian_federation,2009,0.805
russian_federation,2010,0.808
russian_federation,2011,0.822
russian_federation,2012,0.825
russian_federation,2013,0.83
russian_federation,2014,0.831
russian_federation,2015,0.833
russian_federation,2016,0.835
russian_federation,2017,0.838
russian_federation,2018,0.845
russian_federation,2019,0.847
russian_federation,2020,0.818
russian_federation,2021,0.813
russian_federation,2022,0.826
russian_federation,2023,0.832
rwanda,1995,0.294
rwanda,1996,0.297
rwanda,1997,0.295
rwanda,1998,0.304
rwanda,1999,0.317
rwanda,2000,0.34
rwanda,2001,0.37
rwanda,2002,0.385
rwanda,2003,0.398
rwanda,2004,0.417
rwanda,2005,0.433
rwanda,2006,0.452
rwanda,2007,0.467
rwanda,2008,0.479
rwanda,2009,0.493
rwanda,2010,0.504
rwanda,2011,0.512
rwanda,2012,0.521
rwanda,2013,0.499
rwanda,2014,0.525
rwanda,2015,0.525
rwanda,2016,0.534
rwanda,2017,0.539
rwanda,2018,0.54
rwanda,2019,0.55
rwanda,2020,0.555
rwanda,2021,0.562
rwanda,2022,0.57
rwanda,2023,0.578
saint_kitts_and_nevis,2005,0.758
saint_kitts_and_nevis,2006,0.765
saint_kitts_and_nevis,2007,0.769
saint_kitts_and_nevis,2008,0.776
saint_kitts_and_nevis,2009,0.783
saint_kitts_and_nevis,2010,0.791
saint_kitts_and_nevis,2011,0.8
saint_kitts_and_nevis,2012,0.808
saint_kitts_and_nevis,2013,0.818
saint_kitts_and_nevis,2014,0.829
saint_kitts_and_nevis,2015,0.83
saint_kitts_and_nevis,2016,0.832
saint_kitts_and_nevis,2017,0.834
saint_kitts_and_nevis,2018,0.835
saint_kitts_and_nevis,2019,0.839
saint_kitts_and_nevis,2020,0.828
saint_kitts_and_nevis,2021,0.818
saint_kitts_and_nevis,2022,0.829
saint_kitts_and_nevis,2023,0.84
saint_lucia,1990,0.683
saint_lucia,1991,0.685
saint_lucia,1992,0.692
saint_lucia,1993,0.694
saint_lucia,1994,0.696
saint_lucia,1995,0.698
saint_lucia,1996,0.701
saint_lucia,1997,0.701
saint_lucia,1998,0.705
saint_lucia,1999,0.708
saint_lucia,2000,0.71
saint_lucia,2001,0.712
saint_lucia,2002,0.716
saint_lucia,2003,0.721
saint_lucia,2004,0.726
saint_lucia,2005,0.73
saint_lucia,2006,0.741
saint_lucia,2007,0.74
saint_lucia,2008,0.749
saint_lucia,2009,0.751
saint_lucia,2010,0.749
saint_lucia,2011,0.755
saint_lucia,2012,0.748
saint_lucia,2013,0.741
saint_lucia,2014,0.746
saint_lucia,2015,0.757
saint_lucia,2016,0.76
saint_lucia,2017,0.757
saint_lucia,2018,0.759
saint_lucia,2019,0.745
saint_lucia,2020,0.734
saint_lucia,2021,0.724
saint_lucia,2022,0.747
saint_lucia,2023,0.748
saint_vincent_and_the_grenadines,2000,0.7
saint_vincent_and_the_grenadines,2001,0.704
saint_vincent_and_the_grenadines,2002,0.71
saint_vincent_and_the_grenadines,2003,0.715
saint_vincent_and_the_grenadines,2004,0.719
saint_vincent_and_the_grenadines,2005,0.724
saint_vincent_and_the_grenadines,2006,0.731
saint_vincent_and_the_grenadines,2007,0.737
saint_vincent_and_the_grenadines,2008,0.741
saint_vincent_and_the_grenadines,2009,0.745
saint_vincent_and_the_grenadines,2010,0.746
saint_vincent_and_the_grenadines,2011,0.749
saint_vincent_and_the_grenadines,2012,0.753
saint_vincent_and_the_grenadines,2013,0.755
saint_vincent_and_the_grenadines,2014,0.759
saint_vincent_and_the_grenadines,2015,0.765
saint_vincent_and_the_grenadines,2016,0.771
saint_vincent_and_the_grenadines,2017,0.778
saint_vincent_and_the_grenadines,2018,0.783
saint_vincent_and_the_grenadines,2019,0.787
saint_vincent_and_the_grenadines,2020,0.781
saint_vincent_and_the_grenadines,2021,0.781
saint_vincent_and_the_grenadines,2022,0.794
saint_vincent_and_the_grenadines,2023,0.798
samoa,1995,0.655
samoa,1996,0.663
samoa,1997,0.665
samoa,1998,0.669
samoa,1999,0.672
samoa,2000,0.676
samoa,2001,0.683
samoa,2002,0.682
samoa,2003,0.687
samoa,2004,0.691
samoa,2005,0.694
samoa,2006,0.697
samoa,2007,0.701
samoa,2008,0.702
samoa,2009,0.694
samoa,2010,0.708
samoa,2011,0.711
samoa,2012,0.707
samoa,2013,0.706
samoa,2014,0.706
samoa,2015,0.708
samoa,2016,0.712
samoa,2017,0.712
samoa,2018,0.711
samoa,2019,0.708
samoa,2020,0.708
samoa,2021,0.706
samoa,2022,0.703
samoa,2023,0.708
san_marino,2000,0.881
san_marino,2001,0.883
san_marino,2002,0.885
san_marino,2003,0.888
san_marino,2004,0.89
san_marino,2005,0.893
san_marino,2006,0.895
san_marino,2007,0.898
san_marino,2008,0.9
san_marino,2009,0.903
san_marino,2010,0.905
san_marino,2011,0.902
san_marino,2012,0.893
san_marino,2013,0.896
san_marino,2014,0.897
san_marino,2015,0.896
san_marino,2016,0.898
san_marino,2017,0.903
san_marino,2018,0.904
san_marino,2019,0.908
san_marino,2020,0.895
san_marino,2021,0.903
san_marino,2022,0.91
san_marino,2023,0.915
sao_tome_and_principe,2005,0.535
sao_tome_and_principe,2006,0.546
sao_tome_and_principe,2007,0.552
sao_tome_and_principe,2008,0.557
sao_tome_and_principe,2009,0.561
sao_tome_and_principe,2010,0.564
sao_tome_and_principe,2011,0.569
sao_tome_and_principe,2012,0.574
sao_tome_and_principe,2013,0.585
sao_tome_and_principe,2014,0.596
sao_tome_and_principe,2015,0.608
sao_tome_and_principe,2016,0.613
sao_tome_and_principe,2017,0.617
sao_tome_and_principe,2018,0.621
sao_tome_and_principe,2019,0.625
sao_tome_and_principe,2020,0.628
sao_tome_and_principe,2021,0.631
sao_tome_and_principe,2022,0.636
sao_tome_and_principe,2023,0.637
saudi_arabia,1990,0.67
saudi_arabia,1991,0.681
saudi_arabia,1992,0.688
saudi_arabia,1993,0.693
saudi_arabia,1994,0.699
saudi_arabia,1995,0.705
saudi_arabia,1996,0.711
saudi_arabia,1997,0.718
saudi_arabia,1998,0.725
saudi_arabia,1999,0.729
saudi_arabia,2000,0.737
saudi_arabia,2001,0.744
saudi_arabia,2002,0.75
saudi_arabia,2003,0.762
saudi_arabia,2004,0.773
saudi_arabia,2005,0.782
saudi_arabia,2006,0.785
saudi_arabia,2007,0.786
saudi_arabia,2008,0.792
saudi_arabia,2009,0.794
saudi_arabia,2010,0.801
saudi_arabia,2011,0.811
saudi_arabia,2012,0.819
saudi_arabia,2013,0.827
saudi_arabia,2014,0.841
saudi_arabia,2015,0.851
saudi_arabia,2016,0.86
saudi_arabia,2017,0.869
saudi_arabia,2018,0.875
saudi_arabia,2019,0.878
saudi_arabia,2020,0.875
saudi_arabia,2021,0.878
saudi_arabia,2022,0.893
saudi_arabia,2023,0.9
senegal,1990,0.377
senegal,1991,0.379
senegal,1992,0.381
senegal,1993,0.382
senegal,1994,0.382
senegal,1995,0.384
senegal,1996,0.385
senegal,1997,0.386
senegal,1998,0.389
senegal,1999,0.392
senegal,2000,0.398
senegal,2001,0.404
senegal,2002,0.409
senegal,2003,0.416
senegal,2004,0.423
senegal,2005,0.43
senegal,2006,0.438
senegal,2007,0.45
senegal,2008,0.462
senegal,2009,0.47
senegal,2010,0.477
senegal,2011,0.491
senegal,2012,0.499
senegal,2013,0.504
senegal,2014,0.508
senegal,2015,0.509
senegal,2016,0.516
senegal,2017,0.517
senegal,2018,0.522
senegal,2019,0.52
senegal,2020,0.522
senegal,2021,0.522
senegal,2022,0.526
senegal,2023,0.53
serbia,1995,0.686
serbia,1996,0.692
serbia,1997,0.698
serbia,1998,0.699
serbia,1999,0.685
serbia,2000,0.701
serbia,2001,0.707
serbia,2002,0.711
serbia,2003,0.72
serbia,2004,0.732
serbia,2005,0.743
serbia,2006,0.753
serbia,2007,0.763
serbia,2008,0.773
serbia,2009,0.774
serbia,2010,0.775
serbia,2011,0.785
serbia,2012,0.788
serbia,2013,0.792
serbia,2014,0.795
serbia,2015,0.802
serbia,2016,0.806
serbia,2017,0.808
serbia,2018,0.814
serbia,2019,0.817
serbia,2020,0.809
serbia,2021,0.807
serbia,2022,0.826
serbia,2023,0.833
seychelles,2010,0.758
seychelles,2011,0.772
seychelles,2012,0.797
seychelles,2013,0.797
seychelles,2014,0.814
seychelles,2015,0.819
seychelles,2016,0.836
seychelles,2017,0.844
seychelles,2018,0.847
seychelles,2019,0.85
seychelles,2020,0.853
seychelles,2021,0.838
seychelles,2022,0.836
seychelles,2023,0.848
sierra_leone,1990,0.313
sierra_leone,1991,0.303
sierra_leone,1992,0.305
sierra_leone,1993,0.312
sierra_leone,1994,0.312
sierra_leone,1995,0.314
sierra_leone,1996,0.311
sierra_leone,1997,0.307
sierra_leone,1998,0.304
sierra_leone,1999,0.301
sierra_leone,2000,0.318
sierra_leone,2001,0.33
sierra_leone,2002,0.345
sierra_leone,2003,0.354
sierra_leone,2004,0.363
sierra_leone,2005,0.37
sierra_leone,2006,0.372
sierra_leone,2007,0.391
sierra_leone,2008,0.4
sierra_leone,2009,0.406
sierra_leone,2010,0.41
sierra_leone,2011,0.416
sierra_leone,2012,0.418
sierra_leone,2013,0.436
sierra_leone,2014,0.438
sierra_leone,2015,0.432
sierra_leone,2016,0.441
sierra_leone,2017,0.445
sierra_leone,2018,0.451
sierra_leone,2019,0.455
sierra_leone,2020,0.454
sierra_leone,2021,0.458
sierra_leone,2022,0.463
sierra_leone,2023,0.467
singapore,1990,0.819
singapore,1991,0.826
singapore,1992,0.833
singapore,1993,0.84
singapore,1994,0.848
singapore,1995,0.854
singapore,1996,0.859
singapore,1997,0.866
singapore,1998,0.869
singapore,1999,0.875
singapore,2000,0.882
singapore,2001,0.885
singapore,2002,0.891
singapore,2003,0.897
singapore,2004,0.905
singapore,2005,0.911
singapore,2006,0.911
singapore,2007,0.914
singapore,2008,0.924
singapore,2009,0.928
singapore,2010,0.932
singapore,2011,0.933
singapore,2012,0.933
singapore,2013,0.934
singapore,2014,0.934
singapore,2015,0.935
singapore,2016,0.934
singapore,2017,0.935
singapore,2018,0.939
singapore,2019,0.942
singapore,2020,0.944
singapore,2021,0.948
singapore,2022,0.942
singapore,2023,0.946
slovakia,1990,0.698
slovakia,1991,0.697
slovakia,1992,0.702
slovakia,1993,0.71
slovakia,1994,0.72
slovakia,1995,0.729
slovakia,1996,0.74
slovakia,1997,0.747
slovakia,1998,0.758
slovakia,1999,0.765
slovakia,2000,0.774
slovakia,2001,0.781
slovakia,2002,0.79
slovakia,2003,0.796
slovakia,2004,0.806
slovakia,2005,0.815
slovakia,2006,0.824
slovakia,2007,0.834
slovakia,2008,0.842
slovakia,2009,0.845
slovakia,2010,0.851
slovakia,2011,0.856
slovakia,2012,0.856
slovakia,2013,0.858
slovakia,2014,0.859
slovakia,2015,0.861
slovakia,2016,0.864
slovakia,2017,0.865
slovakia,2018,0.868
slovakia,2019,0.871
slovakia,2020,0.867
slovakia,2021,0.859
slovakia,2022,0.873
slovakia,2023,0.88
slovenia,1990,0.734
slovenia,1991,0.736
slovenia,1992,0.741
slovenia,1993,0.746
slovenia,1994,0.756
slovenia,1995,0.768
slovenia,1996,0.778
slovenia,1997,0.789
slovenia,1998,0.802
slovenia,1999,0.82
slovenia,2000,0.829
slovenia,2001,0.845
slovenia,2002,0.855
slovenia,2003,0.865
slovenia,2004,0.87
slovenia,2005,0.876
slovenia,2006,0.883
slovenia,2007,0.888
slovenia,2008,0.894
slovenia,2009,0.894
slovenia,2010,0.896
slovenia,2011,0.897
slovenia,2012,0.897
slovenia,2013,0.907
slovenia,2014,0.907
slovenia,2015,0.909
slovenia,2016,0.914
slovenia,2017,0.918
slovenia,2018,0.922
slovenia,2019,0.923
slovenia,2020,0.918
slovenia,2021,0.924
slovenia,2022,0.926
slovenia,2023,0.931
solomon_islands,1999,0.554
solomon_islands,2000,0.547
solomon_islands,2001,0.542
solomon_islands,2002,0.539
solomon_islands,2003,0.543
solomon_islands,2004,0.548
solomon_islands,2005,0.553
solomon_islands,2006,0.553
solomon_islands,2007,0.552
solomon_islands,2008,0.556
solomon_islands,2009,0.557
solomon_islands,2010,0.564
solomon_islands,2011,0.567
solomon_islands,2012,0.57
solomon_islands,2013,0.576
solomon_islands,2014,0.575
solomon_islands,2015,0.576
solomon_islands,2016,0.578
solomon_islands,2017,0.581
solomon_islands,2018,0.582
solomon_islands,2019,0.583
solomon_islands,2020,0.579
solomon_islands,2021,0.577
solomon_islands,2022,0.583
solomon_islands,2023,0.584
somalia,2022,0.385
somalia,2023,0.404
south_africa,1990,0.633
south_africa,1991,0.641
south_africa,1992,0.645
south_africa,1993,0.65
south_africa,1994,0.654
south_africa,1995,0.654
south_africa,1996,0.649
south_africa,1997,0.642
south_africa,1998,0.634
south_africa,1999,0.626
south_africa,2000,0.618
south_africa,2001,0.613
south_africa,2002,0.614
south_africa,2003,0.61
south_africa,2004,0.613
south_africa,2005,0.616
south_africa,2006,0.622
south_africa,2007,0.632
south_africa,2008,0.643
south_africa,2009,0.657
south_africa,2010,0.669
south_africa,2011,0.683
south_africa,2012,0.696
south_africa,2013,0.705
south_africa,2014,0.713
south_africa,2015,0.722
south_africa,2016,0.722
south_africa,2017,0.726
south_africa,2018,0.732
south_africa,2019,0.742
south_africa,2020,0.724
south_africa,2021,0.721
south_africa,2022,0.737
south_africa,2023,0.741
south_sudan,2010,0.42
south_sudan,2011,0.422
south_sudan,2012,0.389
south_sudan,2013,0.391
south_sudan,2014,0.343
south_sudan,2015,0.317
south_sudan,2016,0.297
south_sudan,2017,0.292
south_sudan,2018,0.371
south_sudan,2019,0.403
south_sudan,2020,0.398
south_sudan,2021,0.393
south_sudan,2022,0.388
south_sudan,2023,0.388
spain,1990,0.766
spain,1991,0.774
spain,1992,0.781
spain,1993,0.789
spain,1994,0.798
spain,1995,0.804
spain,1996,0.811
spain,1997,0.816
spain,1998,0.821
spain,1999,0.825
spain,2000,0.833
spain,2001,0.839
spain,2002,0.844
spain,2003,0.846
spain,2004,0.852
spain,2005,0.857
spain,2006,0.862
spain,2007,0.864
spain,2008,0.865
spain,2009,0.867
spain,2010,0.875
spain,2011,0.879
spain,2012,0.881
spain,2013,0.886
spain,2014,0.89
spain,2015,0.895
spain,2016,0.9
spain,2017,0.902
spain,2018,0.905
spain,2019,0.91
spain,2020,0.901
spain,2021,0.912
spain,2022,0.911
spain,2023,0.918
sri_lanka,1990,0.638
sri_lanka,1991,0.642
sri_lanka,1992,0.65
sri_lanka,1993,0.658
sri_lanka,1994,0.664
sri_lanka,1995,0.667
sri_lanka,1996,0.672
sri_lanka,1997,0.679
sri_lanka,1998,0.685
sri_lanka,1999,0.692
sri_lanka,2000,0.702
sri_lanka,2001,0.704
sri_lanka,2002,0.709
sri_lanka,2003,0.713
sri_lanka,2004,0.695
sri_lanka,2005,0.721
sri_lanka,2006,0.724
sri_lanka,2007,0.729
sri_lanka,2008,0.73
sri_lanka,2009,0.723
sri_lanka,2010,0.748
sri_lanka,2011,0.753
sri_lanka,2012,0.759
sri_lanka,2013,0.764
sri_lanka,2014,0.767
sri_lanka,2015,0.769
sri_lanka,2016,0.772
sri_lanka,2017,0.777
sri_lanka,2018,0.782
sri_lanka,2019,0.781
sri_lanka,2020,0.78
sri_lanka,2021,0.777
sri_lanka,2022,0.777
sri_lanka,2023,0.776
sudan,2008,0.456
sudan,2009,0.469
sudan,2010,0.479
sudan,2011,0.476
sudan,2012,0.482
sudan,2013,0.488
sudan,2014,0.496
sudan,2015,0.498
sudan,2016,0.502
sudan,2017,0.506
sudan,2018,0.515
sudan,2019,0.517
sudan,2020,0.513
sudan,2021,0.512
sudan,2022,0.516
sudan,2023,0.511
suriname,2004,0.679
suriname,2005,0.685
suriname,2006,0.69
suriname,2007,0.697
suriname,2008,0.701
suriname,2009,0.704
suriname,2010,0.707
suriname,2011,0.708
suriname,2012,0.711
suriname,2013,0.714
suriname,2014,0.715
suriname,2015,0.718
suriname,2016,0.716
suriname,2017,0.715
suriname,2018,0.719
suriname,2019,0.72
suriname,2020,0.714
suriname,2021,0.697
suriname,2022,0.719
suriname,2023,0.722
sweden,1990,0.818
sweden,1991,0.821
sweden,1992,0.829
sweden,1993,0.85
sweden,1994,0.862
sweden,1995,0.869
sweden,1996,0.877
sweden,1997,0.888
sweden,1998,0.901
sweden,1999,0.906
sweden,2000,0.912
sweden,2001,0.915
sweden,2002,0.918
sweden,2003,0.923
sweden,2004,0.908
sweden,2005,0.911
sweden,2006,0.915
sweden,2007,0.917
sweden,2008,0.913
sweden,2009,0.912
sweden,2010,0.918
sweden,2011,0.92
sweden,2012,0.92
sweden,2013,0.94
sweden,2014,0.943
sweden,2015,0.945
sweden,2016,0.947
sweden,2017,0.949
sweden,2018,0.95
sweden,2019,0.955
sweden,2020,0.951
sweden,2021,0.958
sweden,2022,0.959
sweden,2023,0.959
switzerland,1990,0.858
switzerland,1991,0.86
switzerland,1992,0.863
switzerland,1993,0.867
switzerland,1994,0.87
switzerland,1995,0.872
switzerland,1996,0.875
switzerland,1997,0.88
switzerland,1998,0.886
switzerland,1999,0.889
switzerland,2000,0.892
switzerland,2001,0.895
switzerland,2002,0.896
switzerland,2003,0.901
switzerland,2004,0.906
switzerland,2005,0.909
switzerland,2006,0.918
switzerland,2007,0.926
switzerland,2008,0.934
switzerland,2009,0.942
switzerland,2010,0.945
switzerland,2011,0.946
switzerland,2012,0.949
switzerland,2013,0.952
switzerland,2014,0.956
switzerland,2015,0.957
switzerland,2016,0.959
switzerland,2017,0.96
switzerland,2018,0.962
switzerland,2019,0.965
switzerland,2020,0.963
switzerland,2021,0.968
switzerland,2022,0.966
switzerland,2023,0.97
syrian_arab_republic,1990,0.572
syrian_arab_republic,1991,0.577
syrian_arab_republic,1992,0.582
syrian_arab_republic,1993,0.583
syrian_arab_republic,1994,0.587
syrian_arab_republic,1995,0.587
syrian_arab_republic,1996,0.59
syrian_arab_republic,1997,0.593
syrian_arab_republic,1998,0.595
syrian_arab_republic,1999,0.595
syrian_arab_republic,2000,0.594
syrian_arab_republic,2001,0.602
syrian_arab_republic,2002,0.61
syrian_arab_republic,2003,0.621
syrian_arab_republic,2004,0.635
syrian_arab_republic,2005,0.646
syrian_arab_republic,2006,0.658
syrian_arab_republic,2007,0.665
syrian_arab_republic,2008,0.66
syrian_arab_republic,2009,0.668
syrian_arab_republic,2010,0.669
syrian_arab_republic,2011,0.664
syrian_arab_republic,2012,0.626
syrian_arab_republic,2013,0.567
syrian_arab_republic,2014,0.561
syrian_arab_republic,2015,0.549
syrian_arab_republic,2016,0.552
syrian_arab_republic,2017,0.551
syrian_arab_republic,2018,0.557
syrian_arab_republic,2019,0.569
syrian_arab_republic,2020,0.57
syrian_arab_republic,2021,0.571
syrian_arab_republic,2022,0.571
syrian_arab_republic,2023,0.564
tajikistan,1993,0.549
tajikistan,1994,0.538
tajikistan,1995,0.547
tajikistan,1996,0.528
tajikistan,1997,0.536
tajikistan,1998,0.541
tajikistan,1999,0.546
tajikistan,2000,0.554
tajikistan,2001,0.563
tajikistan,2002,0.575
tajikistan,2003,0.587
tajikistan,2004,0.598
tajikistan,2005,0.611
tajikistan,2006,0.62
tajikistan,2007,0.625
tajikistan,2008,0.634
tajikistan,2009,0.634
tajikistan,2010,0.639
tajikistan,2011,0.644
tajikistan,2012,0.649
tajikistan,2013,0.655
tajikistan,2014,0.657
tajikistan,2015,0.658
tajikistan,2016,0.661
tajikistan,2017,0.666
tajikistan,2018,0.67
tajikistan,2019,0.673
tajikistan,2020,0.664
tajikistan,2021,0.672
tajikistan,2022,0.687
tajikistan,2023,0.691
tanzania_united_republic_of,1990,0.381
tanzania_united_republic_of,1991,0.382
tanzania_united_republic_of,1992,0.381
tanzania_united_republic_of,1993,0.382
tanzania_united_republic_of,1994,0.38
tanzania_united_republic_of,1995,0.38
tanzania_united_republic_of,1996,0.383
tanzania_united_republic_of,1997,0.388
tanzania_united_republic_of,1998,0.396
tanzania_united_republic_of,1999,0.404
tanzania_united_republic_of,2000,0.414
tanzania_united_republic_of,2001,0.422
tanzania_united_republic_of,2002,0.433
tanzania_united_republic_of,2003,0.444
tanzania_united_republic_of,2004,0.455
tanzania_united_republic_of,2005,0.465
tanzania_united_republic_of,2006,0.477
tanzania_united_republic_of,2007,0.486
tanzania_united_republic_of,2008,0.495
tanzania_united_republic_of,2009,0.504
tanzania_united_republic_of,2010,0.513
tanzania_united_republic_of,2011,0.516
tanzania_united_republic_of,2012,0.519
tanzania_united_republic_of,2013,0.521
tanzania_united_republic_of,2014,0.521
tanzania_united_republic_of,2015,0.52
tanzania_united_republic_of,2016,0.52
tanzania_united_republic_of,2017,0.528
tanzania_united_republic_of,2018,0.537
tanzania_united_republic_of,2019,0.546
tanzania_united_republic_of,2020,0.554
tanzania_united_republic_of,2021,0.548
tanzania_united_republic_of,2022,0.554
tanzania_united_republic_of,2023,0.555
thailand,1990,0.584
thailand,1991,0.593
thailand,1992,0.603
thailand,1993,0.612
thailand,1994,0.62
thailand,1995,0.628
thailand,1996,0.634
thailand,1997,0.639
thailand,1998,0.642
thailand,1999,0.65
thailand,2000,0.657
thailand,2001,0.667
thailand,2002,0.678
thailand,2003,0.69
thailand,2004,0.699
thailand,2005,0.707
thailand,2006,0.71
thailand,2007,0.721
thailand,2008,0.723
thailand,2009,0.725
thailand,2010,0.742
thailand,2011,0.747
thailand,2012,0.75
thailand,2013,0.752
thailand,2014,0.784
thailand,2015,0.788
thailand,2016,0.792
thailand,2017,0.794
thailand,2018,0.796
thailand,2019,0.8
thailand,2020,0.798
thailand,2021,0.8
thailand,2022,0.792
thailand,2023,0.798
timor_leste,2000,0.507
timor_leste,2001,0.521
timor_leste,2002,0.534
timor_leste,2003,0.534
timor_leste,2004,0.547
timor_leste,2005,0.564
timor_leste,2006,0.588
timor_leste,2007,0.609
timor_leste,2008,0.634
timor_leste,2009,0.631
timor_leste,2010,0.645
timor_leste,2011,0.655
timor_leste,2012,0.65
timor_leste,2013,0.646
timor_leste,2014,0.637
timor_leste,2015,0.628
timor_leste,2016,0.618
timor_leste,2017,0.621
timor_leste,2018,0.624
timor_leste,2019,0.642
timor_leste,2020,0.65
timor_leste,2021,0.644
timor_leste,2022,0.633
timor_leste,2023,0.634
togo,1990,0.412
togo,1991,0.415
togo,1992,0.406
togo,1993,0.404
togo,1994,0.413
togo,1995,0.425
togo,1996,0.433
togo,1997,0.441
togo,1998,0.442
togo,1999,0.446
togo,2000,0.448
togo,2001,0.452
togo,2002,0.455
togo,2003,0.46
togo,2004,0.461
togo,2005,0.46
togo,2006,0.465
togo,2007,0.458
togo,2008,0.465
togo,2009,0.473
togo,2010,0.483
togo,2011,0.495
togo,2012,0.5
togo,2013,0.507
togo,2014,0.514
togo,2015,0.523
togo,2016,0.528
togo,2017,0.534
togo,2018,0.542
togo,2019,0.549
togo,2020,0.554
togo,2021,0.56
togo,2022,0.567
togo,2023,0.571
tonga,1990,0.641
tonga,1991,0.649
tonga,1992,0.654
tonga,1993,0.66
tonga,1994,0.67
tonga,1995,0.675
tonga,1996,0.678
tonga,1997,0.68
tonga,1998,0.685
tonga,1999,0.688
tonga,2000,0.688
tonga,2001,0.693
tonga,2002,0.7
tonga,2003,0.703
tonga,2004,0.705
tonga,2005,0.706
tonga,2006,0.708
tonga,2007,0.71
tonga,2008,0.717
tonga,2009,0.718
tonga,2010,0.724
tonga,2011,0.731
tonga,2012,0.735
tonga,2013,0.737
tonga,2014,0.74
tonga,2015,0.743
tonga,2016,0.749
tonga,2017,0.755
tonga,2018,0.759
tonga,2019,0.763
tonga,2020,0.765
tonga,2021,0.763
tonga,2022,0.764
tonga,2023,0.769
trinidad_and_tobago,1990,0.661
trinidad_and_tobago,1991,0.665
trinidad_and_tobago,1992,0.665
trinidad_and_tobago,1993,0.667
trinidad_and_tobago,1994,0.672
trinidad_and_tobago,1995,0.677
trinidad_and_tobago,1996,0.684
trinidad_and_tobago,1997,0.692
trinidad_and_tobago,1998,0.7
trinidad_and_tobago,1999,0.708
trinidad_and_tobago,2000,0.714
trinidad_and_tobago,2001,0.721
trinidad_and_tobago,2002,0.73
trinidad_and_tobago,2003,0.74
trinidad_and_tobago,2004,0.75
trinidad_and_tobago,2005,0.756
trinidad_and_tobago,2006,0.766
trinidad_and_tobago,2007,0.774
trinidad_and_tobago,2008,0.782
trinidad_and_tobago,2009,0.782
trinidad_and_tobago,2010,0.789
trinidad_and_tobago,2011,0.792
trinidad_and_tobago,2012,0.796
trinidad_and_tobago,2013,0.802
trinidad_and_tobago,2014,0.805
trinidad_and_tobago,2015,0.808
trinidad_and_tobago,2016,0.806
trinidad_and_tobago,2017,0.806
trinidad_and_tobago,2018,0.803
trinidad_and_tobago,2019,0.805
trinidad_and_tobago,2020,0.8
trinidad_and_tobago,2021,0.796
trinidad_and_tobago,2022,0.805
trinidad_and_tobago,2023,0.807
tunisia,1990,0.569
tunisia,1991,0.575
tunisia,1992,0.582
tunisia,1993,0.587
tunisia,1994,0.598
tunisia,1995,0.606
tunisia,1996,0.616
tunisia,1997,0.623
tunisia,1998,0.636
tunisia,1999,0.646
tunisia,2000,0.654
tunisia,2001,0.661
tunisia,2002,0.667
tunisia,2003,0.673
tunisia,2004,0.683
tunisia,2005,0.69
tunisia,2006,0.697
tunisia,2007,0.703
tunisia,2008,0.709
tunisia,2009,0.713
tunisia,2010,0.717
tunisia,2011,0.718
tunisia,2012,0.72
tunisia,2013,0.722
tunisia,2014,0.725
tunisia,2015,0.728
tunisia,2016,0.733
tunisia,2017,0.737
tunisia,2018,0.742
tunisia,2019,0.74
tunisia,2020,0.733
tunisia,2021,0.728
tunisia,2022,0.745
tunisia,2023,0.746
turkmenistan,2005,0.653
turkmenistan,2006,0.662
turkmenistan,2007,0.673
turkmenistan,2008,0.683
turkmenistan,2009,0.69
turkmenistan,2010,0.7
turkmenistan,2011,0.709
turkmenistan,2012,0.714
turkmenistan,2013,0.716
turkmenistan,2014,0.719
turkmenistan,2015,0.725
turkmenistan,2016,0.729
turkmenistan,2017,0.732
turkmenistan,2018,0.735
turkmenistan,2019,0.741
turkmenistan,2020,0.744
turkmenistan,2021,0.754
turkmenistan,2022,0.761
turkmenistan,2023,0.764
tuvalu,1990,0.566
tuvalu,1991,0.57
tuvalu,1992,0.566
tuvalu,1993,0.579
tuvalu,1994,0.586
tuvalu,1995,0.587
tuvalu,1996,0.587
tuvalu,1997,0.595
tuvalu,1998,0.605
tuvalu,1999,0.608
tuvalu,2000,0.61
tuvalu,2001,0.613
tuvalu,2002,0.621
tuvalu,2003,0.621
tuvalu,2004,0.621
tuvalu,2005,0.621
tuvalu,2006,0.625
tuvalu,2007,0.63
tuvalu,2008,0.636
tuvalu,2009,0.635
tuvalu,2010,0.636
tuvalu,2011,0.641
tuvalu,2012,0.642
tuvalu,2013,0.647
tuvalu,2014,0.65
tuvalu,2015,0.658
tuvalu,2016,0.664
tuvalu,2017,0.668
tuvalu,2018,0.672
tuvalu,2019,0.681
tuvalu,2020,0.681
tuvalu,2021,0.681
tuvalu,2022,0.686
tuvalu,2023,0.689
turkiye,1990,0.598
turkiye,1991,0.602
turkiye,1992,0.608
turkiye,1993,0.615
turkiye,1994,0.616
turkiye,1995,0.623
turkiye,1996,0.63
turkiye,1997,0.638
turkiye,1998,0.649
turkiye,1999,0.652
turkiye,2000,0.669
turkiye,2001,0.675
turkiye,2002,0.685
turkiye,2003,0.691
turkiye,2004,0.696
turkiye,2005,0.701
turkiye,2006,0.711
turkiye,2007,0.719
turkiye,2008,0.721
turkiye,2009,0.728
turkiye,2010,0.75
turkiye,2011,0.764
turkiye,2012,0.772
turkiye,2013,0.802
turkiye,2014,0.813
turkiye,2015,0.821
turkiye,2016,0.826
turkiye,2017,0.833
turkiye,2018,0.838
turkiye,2019,0.841
turkiye,2020,0.838
turkiye,2021,0.841
turkiye,2022,0.853
turkiye,2023,0.853
uganda,1990,0.342
uganda,1991,0.345
uganda,1992,0.339
uganda,1993,0.347
uganda,1994,0.35
uganda,1995,0.356
uganda,1996,0.367
uganda,1997,0.376
uganda,1998,0.386
uganda,1999,0.398
uganda,2000,0.407
uganda,2001,0.418
uganda,2002,0.432
uganda,2003,0.446
uganda,2004,0.461
uganda,2005,0.47
uganda,2006,0.481
uganda,2007,0.492
uganda,2008,0.502
uganda,2009,0.509
uganda,2010,0.514
uganda,2011,0.522
uganda,2012,0.526
uganda,2013,0.532
uganda,2014,0.539
uganda,2015,0.547
uganda,2016,0.553
uganda,2017,0.557
uganda,2018,0.563
uganda,2019,0.569
uganda,2020,0.571
uganda,2021,0.573
uganda,2022,0.578
uganda,2023,0.582
ukraine,1990,0.75
ukraine,1991,0.743
ukraine,1992,0.733
ukraine,1993,0.721
ukraine,1994,0.706
ukraine,1995,0.702
ukraine,1996,0.701
ukraine,1997,0.706
ukraine,1998,0.71
ukraine,1999,0.714
ukraine,2000,0.716
ukraine,2001,0.728
ukraine,2002,0.736
ukraine,2003,0.745
ukraine,2004,0.751
ukraine,2005,0.757
ukraine,2006,0.762
ukraine,2007,0.77
ukraine,2008,0.776
ukraine,2009,0.773
ukraine,2010,0.782
ukraine,2011,0.786
ukraine,2012,0.789
ukraine,2013,0.789
ukraine,2014,0.788
ukraine,2015,0.778
ukraine,2016,0.78
ukraine,2017,0.785
ukraine,2018,0.784
ukraine,2019,0.789
ukraine,2020,0.783
ukraine,2021,0.772
ukraine,2022,0.772
ukraine,2023,0.779
united_arab_emirates,1990,0.713
united_arab_emirates,1991,0.724
united_arab_emirates,1992,0.729
united_arab_emirates,1993,0.736
united_arab_emirates,1994,0.742
united_arab_emirates,1995,0.747
united_arab_emirates,1996,0.753
united_arab_emirates,1997,0.761
united_arab_emirates,1998,0.77
united_arab_emirates,1999,0.78
united_arab_emirates,2000,0.79
united_arab_emirates,2001,0.798
united_arab_emirates,2002,0.805
united_arab_emirates,2003,0.81
united_arab_emirates,2004,0.815
united_arab_emirates,2005,0.819
united_arab_emirates,2006,0.823
united_arab_emirates,2007,0.827
united_arab_emirates,2008,0.831
united_arab_emirates,2009,0.832
united_arab_emirates,2010,0.835
united_arab_emirates,2011,0.839
united_arab_emirates,2012,0.843
united_arab_emirates,2013,0.846
united_arab_emirates,2014,0.853
united_arab_emirates,2015,0.857
united_arab_emirates,2016,0.861
united_arab_emirates,2017,0.884
united_arab_emirates,2018,0.901
united_arab_emirates,2019,0.915
united_arab_emirates,2020,0.909
united_arab_emirates,2021,0.903
united_arab_emirates,2022,0.921
united_arab_emirates,2023,0.94
united_kingdom,1990,0.812
united_kingdom,1991,0.816
united_kingdom,1992,0.824
united_kingdom,1993,0.827
united_kingdom,1994,0.836
united_kingdom,1995,0.835
united_kingdom,1996,0.841
united_kingdom,1997,0.849
united_kingdom,1998,0.856
united_kingdom,1999,0.862
united_kingdom,2000,0.87
united_kingdom,2001,0.876
united_kingdom,2002,0.881
united_kingdom,2003,0.886
united_kingdom,2004,0.897
united_kingdom,2005,0.903
united_kingdom,2006,0.902
united_kingdom,2007,0.905
united_kingdom,2008,0.91
united_kingdom,2009,0.915
united_kingdom,2010,0.921
united_kingdom,2011,0.916
united_kingdom,2012,0.917
united_kingdom,2013,0.931
united_kingdom,2014,0.932
united_kingdom,2015,0.931
united_kingdom,2016,0.934
united_kingdom,2017,0.937
united_kingdom,2018,0.936
united_kingdom,2019,0.941
united_kingdom,2020,0.93
united_kingdom,2021,0.941
united_kingdom,2022,0.946
united_kingdom,2023,0.946
united_states,1990,0.878
united_states,1991,0.878
united_states,1992,0.882
united_states,1993,0.884
united_states,1994,0.887
united_states,1995,0.888
united_states,1996,0.89
united_states,1997,0.893
united_states,1998,0.895
united_states,1999,0.895
united_states,2000,0.895
united_states,2001,0.897
united_states,2002,0.898
united_states,2003,0.9
united_states,2004,0.905
united_states,2005,0.907
united_states,2006,0.911
united_states,2007,0.914
united_states,2008,0.914
united_states,2009,0.915
united_states,2010,0.919
united_states,2011,0.92
united_states,2012,0.923
united_states,2013,0.925
united_states,2014,0.926
united_states,2015,0.928
united_states,2016,0.929
united_states,2017,0.931
united_states,2018,0.934
united_states,2019,0.936
united_states,2020,0.925
united_states,2021,0.921
united_states,2022,0.93
united_states,2023,0.938
uruguay,1990,0.713
uruguay,1991,0.717
uruguay,1992,0.719
uruguay,1993,0.722
uruguay,1994,0.727
uruguay,1995,0.729
uruguay,1996,0.736
uruguay,1997,0.747
uruguay,1998,0.757
uruguay,1999,0.76
uruguay,2000,0.764
uruguay,2001,0.771
uruguay,2002,0.775
uruguay,2003,0.78
uruguay,2004,0.779
uruguay,2005,0.778
uruguay,2006,0.777
uruguay,2007,0.78
uruguay,2008,0.783
uruguay,2009,0.787
uruguay,2010,0.796
uruguay,2011,0.801
uruguay,2012,0.804
uruguay,2013,0.812
uruguay,2014,0.816
uruguay,2015,0.818
uruguay,2016,0.821
uruguay,2017,0.827
uruguay,2018,0.826
uruguay,2019,0.83
uruguay,2020,0.837
uruguay,2021,0.837
uruguay,2022,0.852
uruguay,2023,0.862
uzbekistan,2000,0.603
uzbekistan,2001,0.61
uzbekistan,2002,0.618
uzbekistan,2003,0.625
uzbekistan,2004,0.632
uzbekistan,2005,0.638
uzbekistan,2006,0.644
uzbekistan,2007,0.658
uzbekistan,2008,0.663
uzbekistan,2009,0.672
uzbekistan,2010,0.681
uzbekistan,2011,0.686
uzbekistan,2012,0.692
uzbekistan,2013,0.698
uzbekistan,2014,0.703
uzbekistan,2015,0.707
uzbekistan,2016,0.714
uzbekistan,2017,0.719
uzbekistan,2018,0.725
uzbekistan,2019,0.73
uzbekistan,2020,0.723
uzbekistan,2021,0.727
uzbekistan,2022,0.737
uzbekistan,2023,0.74
vanuatu,2005,0.561
vanuatu,2006,0.567
vanuatu,2007,0.57
vanuatu,2008,0.578
vanuatu,2009,0.579
vanuatu,2010,0.582
vanuatu,2011,0.587
vanuatu,2012,0.587
vanuatu,2013,0.592
vanuatu,2014,0.597
vanuatu,2015,0.599
vanuatu,2016,0.603
vanuatu,2017,0.607
vanuatu,2018,0.612
vanuatu,2019,0.622
vanuatu,2020,0.617
vanuatu,2021,0.615
vanuatu,2022,0.621
vanuatu,2023,0.621
venezuela_bolivarian_republic_of,1990,0.658
venezuela_bolivarian_republic_of,1991,0.669
venezuela_bolivarian_republic_of,1992,0.676
venezuela_bolivarian_republic_of,1993,0.68
venezuela_bolivarian_republic_of,1994,0.681
venezuela_bolivarian_republic_of,1995,0.687
venezuela_bolivarian_republic_of,1996,0.69
venezuela_bolivarian_republic_of,1997,0.698
venezuela_bolivarian_republic_of,1998,0.7
venezuela_bolivarian_republic_of,1999,0.698
venezuela_bolivarian_republic_of,2000,0.703
venezuela_bolivarian_republic_of,2001,0.708
venezuela_bolivarian_republic_of,2002,0.716
venezuela_bolivarian_republic_of,2003,0.707
venezuela_bolivarian_republic_of,2004,0.718
venezuela_bolivarian_republic_of,2005,0.728
venezuela_bolivarian_republic_of,2006,0.736
venezuela_bolivarian_republic_of,2007,0.753
venezuela_bolivarian_republic_of,2008,0.759
venezuela_bolivarian_republic_of,2009,0.76
venezuela_bolivarian_republic_of,2010,0.764
venezuela_bolivarian_republic_of,2011,0.77
venezuela_bolivarian_republic_of,2012,0.772
venezuela_bolivarian_republic_of,2013,0.773
venezuela_bolivarian_republic_of,2014,0.77
venezuela_bolivarian_republic_of,2015,0.768
venezuela_bolivarian_republic_of,2016,0.761
venezuela_bolivarian_republic_of,2017,0.749
venezuela_bolivarian_republic_of,2018,0.741
venezuela_bolivarian_republic_of,2019,0.724
venezuela_bolivarian_republic_of,2020,0.699
venezuela_bolivarian_republic_of,2021,0.696
venezuela_bolivarian_republic_of,2022,0.706
venezuela_bolivarian_republic_of,2023,0.709
viet_nam,1990,0.499
viet_nam,1991,0.509
viet_nam,1992,0.521
viet_nam,1993,0.531
viet_nam,1994,0.543
viet_nam,1995,0.556
viet_nam,1996,0.567
viet_nam,1997,0.578
viet_nam,1998,0.588
viet_nam,1999,0.596
viet_nam,2000,0.604
viet_nam,2001,0.612
viet_nam,2002,0.621
viet_nam,2003,0.63
viet_nam,2004,0.638
viet_nam,2005,0.647
viet_nam,2006,0.656
viet_nam,2007,0.664
viet_nam,2008,0.672
viet_nam,2009,0.679
viet_nam,2010,0.686
viet_nam,2011,0.693
viet_nam,2012,0.698
viet_nam,2013,0.704
viet_nam,2014,0.711
viet_nam,2015,0.717
viet_nam,2016,0.723
viet_nam,2017,0.729
viet_nam,2018,0.737
viet_nam,2019,0.744
viet_nam,2020,0.755
viet_nam,2021,0.754
viet_nam,2022,0.764
viet_nam,2023,0.766
yemen,1990,0.359
yemen,1991,0.364
yemen,1992,0.37
yemen,1993,0.377
yemen,1994,0.382
yemen,1995,0.393
yemen,1996,0.405
yemen,1997,0.413
yemen,1998,0.423
yemen,1999,0.429
yemen,2000,0.439
yemen,2001,0.449
yemen,2002,0.458
yemen,2003,0.467
yemen,2004,0.475
yemen,2005,0.481
yemen,2006,0.486
yemen,2007,0.489
yemen,2008,0.492
yemen,2009,0.497
yemen,2010,0.502
yemen,2011,0.501
yemen,2012,0.503
yemen,2013,0.507
yemen,2014,0.502
yemen,2015,0.475
yemen,2016,0.467
yemen,2017,0.459
yemen,2018,0.454
yemen,2019,0.458
yemen,2020,0.459
yemen,2021,0.458
yemen,2022,0.466
yemen,2023,0.47
zambia,1990,0.422
zambia,1991,0.416
zambia,1992,0.414
zambia,1993,0.417
zambia,1994,0.413
zambia,1995,0.413
zambia,1996,0.415
zambia,1997,0.418
zambia,1998,0.418
zambia,1999,0.423
zambia,2000,0.429
zambia,2001,0.437
zambia,2002,0.445
zambia,2003,0.458
zambia,2004,0.468
zambia,2005,0.48
zambia,2006,0.492
zambia,2007,0.504
zambia,2008,0.514
zambia,2009,0.526
zambia,2010,0.533
zambia,2011,0.538
zambia,2012,0.551
zambia,2013,0.557
zambia,2014,0.559
zambia,2015,0.565
zambia,2016,0.565
zambia,2017,0.57
zambia,2018,0.575
zambia,2019,0.578
zambia,2020,0.578
zambia,2021,0.574
zambia,2022,0.589
zambia,2023,0.595
zimbabwe,1990,0.5
zimbabwe,1991,0.502
zimbabwe,1992,0.487
zimbabwe,1993,0.483
zimbabwe,1994,0.482
zimbabwe,1995,0.477
zimbabwe,1996,0.472
zimbabwe,1997,0.472
zimbabwe,1998,0.467
zimbabwe,1999,0.462
zimbabwe,2000,0.458
zimbabwe,2001,0.456
zimbabwe,2002,0.459
zimbabwe,2003,0.45
zimbabwe,2004,0.453
zimbabwe,2005,0.455
zimbabwe,2006,0.457
zimbabwe,2007,0.459
zimbabwe,2008,0.456
zimbabwe,2009,0.488
zimbabwe,2010,0.512
zimbabwe,2011,0.529
zimbabwe,2012,0.545
zimbabwe,2013,0.554
zimbabwe,2014,0.56
zimbabwe,2015,0.567
zimbabwe,2016,0.57
zimbabwe,2017,0.575
zimbabwe,2018,0.586
zimbabwe,2019,0.584
zimbabwe,2020,0.582
zimbabwe,2021,0.581
zimbabwe,2022,0.594
zimbabwe,2023,0.598
very_high_human_development,1990,0.797
very_high_human_development,1991,0.8
very_high_human_development,1992,0.802
very_high_human_development,1993,0.804
very_high_human_development,1994,0.809
very_high_human_development,1995,0.812
very_high_human_development,1996,0.818
very_high_human_development,1997,0.824
very_high_human_development,1998,0.829
very_high_human_development,1999,0.832
very_high_human_development,2000,0.838
very_high_human_development,2001,0.843
very_high_human_development,2002,0.847
very_high_human_development,2003,0.852
very_high_human_development,2004,0.857
very_high_human_development,2005,0.861
very_high_human_development,2006,0.866
very_high_human_development,2007,0.87
very_high_human_development,2008,0.872
very_high_human_development,2009,0.874
very_high_human_development,2010,0.879
very_high_human_development,2011,0.883
very_high_human_development,2012,0.886
very_high_human_development,2013,0.892
very_high_human_development,2014,0.895
very_high_human_development,2015,0.898
very_high_human_development,2016,0.9
very_high_human_development,2017,0.903
very_high_human_development,2018,0.906
very_high_human_development,2019,0.909
very_high_human_development,2020,0.901
very_high_human_development,2021,0.903
very_high_human_development,2022,0.908
very_high_human_development,2023,0.914
high_human_development,1990,0.569
high_human_development,1991,0.574
high_human_development,1992,0.58
high_human_development,1993,0.586
high_human_development,1994,0.591
high_human_development,1995,0.599
high_human_development,1996,0.607
high_human_development,1997,0.615
high_human_development,1998,0.622
high_human_development,1999,0.628
high_human_development,2000,0.636
high_human_development,2001,0.643
high_human_development,2002,0.651
high_human_development,2003,0.659
high_human_development,2004,0.666
high_human_development,2005,0.675
high_human_development,2006,0.683
high_human_development,2007,0.692
high_human_development,2008,0.699
high_human_development,2009,0.706
high_human_development,2010,0.714
high_human_development,2011,0.72
high_human_development,2012,0.727
high_human_development,2013,0.733
high_human_development,2014,0.739
high_human_development,2015,0.744
high_human_development,2016,0.749
high_human_development,2017,0.754
high_human_development,2018,0.76
high_human_development,2019,0.765
high_human_development,2020,0.763
high_human_development,2021,0.766
high_human_development,2022,0.774
high_human_development,2023,0.777
medium_human_development,1990,0.439
medium_human_development,1991,0.44
medium_human_development,1992,0.445
medium_human_development,1993,0.449
medium_human_development,1994,0.453
medium_human_development,1995,0.459
medium_human_development,1996,0.466
medium_human_development,1997,0.472
medium_human_development,1998,0.478
medium_human_development,1999,0.485
medium_human_development,2000,0.491
medium_human_development,2001,0.5
medium_human_development,2002,0.506
medium_human_development,2003,0.516
medium_human_development,2004,0.526
medium_human_development,2005,0.535
medium_human_development,2006,0.543
medium_human_development,2007,0.551
medium_human_development,2008,0.558
medium_human_development,2009,0.565
medium_human_development,2010,0.573
medium_human_development,2011,0.584
medium_human_development,2012,0.59
medium_human_development,2013,0.595
medium_human_development,2014,0.604
medium_human_development,2015,0.611
medium_human_development,2016,0.62
medium_human_development,2017,0.624
medium_human_development,2018,0.627
medium_human_development,2019,0.631
medium_human_development,2020,0.631
medium_human_development,2021,0.629
medium_human_development,2022,0.649
medium_human_development,2023,0.656
low_human_development,1990,0.346
low_human_development,1991,0.348
low_human_development,1992,0.352
low_human_development,1993,0.356
low_human_development,1994,0.361
low_human_development,1995,0.368
low_human_development,1996,0.373
low_human_development,1997,0.378
low_human_development,1998,0.382
low_human_development,1999,0.39
low_human_development,2000,0.393
low_human_development,2001,0.401
low_human_development,2002,0.407
low_human_development,2003,0.414
low_human_development,2004,0.424
low_human_development,2005,0.433
low_human_development,2006,0.442
low_human_development,2007,0.45
low_human_development,2008,0.457
low_human_development,2009,0.461
low_human_development,2010,0.467
low_human_development,2011,0.471
low_human_development,2012,0.477
low_human_development,2013,0.482
low_human_development,2014,0.488
low_human_development,2015,0.491
low_human_development,2016,0.497
low_human_development,2017,0.5
low_human_development,2018,0.504
low_human_development,2019,0.507
low_human_development,2020,0.507
low_human_development,2021,0.507
low_human_development,2022,0.512
low_human_development,2023,0.515
arab_states,1990,0.55
arab_states,1991,0.552
arab_states,1992,0.561
arab_states,1993,0.571
arab_states,1994,0.577
arab_states,1995,0.582
arab_states,1996,0.59
arab_states,1997,0.596
arab_states,1998,0.603
arab_states,1999,0.609
arab_states,2000,0.615
arab_states,2001,0.621
arab_states,2002,0.626
arab_states,2003,0.63
arab_states,2004,0.638
arab_states,2005,0.645
arab_states,2006,0.652
arab_states,2007,0.658
arab_states,2008,0.661
arab_states,2009,0.666
arab_states,2010,0.67
arab_states,2011,0.672
arab_states,2012,0.68
arab_states,2013,0.683
arab_states,2014,0.688
arab_states,2015,0.693
arab_states,2016,0.698
arab_states,2017,0.702
arab_states,2018,0.707
arab_states,2019,0.712
arab_states,2020,0.707
arab_states,2021,0.71
arab_states,2022,0.716
arab_states,2023,0.719
east_asia_and_the_pacific,1990,0.514
east_asia_and_the_pacific,1991,0.522
east_asia_and_the_pacific,1992,0.531
east_asia_and_the_pacific,1993,0.541
east_asia_and_the_pacific,1994,0.55
east_asia_and_the_pacific,1995,0.559
east_asia_and_the_pacific,1996,0.57
east_asia_and_the_pacific,1997,0.579
east_asia_and_the_pacific,1998,0.586
east_asia_and_the_pacific,1999,0.594
east_asia_and_the_pacific,2000,0.604
east_asia_and_the_pacific,2001,0.612
east_asia_and_the_pacific,2002,0.622
east_asia_and_the_pacific,2003,0.632
east_asia_and_the_pacific,2004,0.641
east_asia_and_the_pacific,2005,0.652
east_asia_and_the_pacific,2006,0.662
east_asia_and_the_pacific,2007,0.673
east_asia_and_the_pacific,2008,0.68
east_asia_and_the_pacific,2009,0.69
east_asia_and_the_pacific,2010,0.699
east_asia_and_the_pacific,2011,0.706
east_asia_and_the_pacific,2012,0.713
east_asia_and_the_pacific,2013,0.72
east_asia_and_the_pacific,2014,0.728
east_asia_and_the_pacific,2015,0.735
east_asia_and_the_pacific,2016,0.742
east_asia_and_the_pacific,2017,0.749
east_asia_and_the_pacific,2018,0.756
east_asia_and_the_pacific,2019,0.761
east_asia_and_the_pacific,2020,0.764
east_asia_and_the_pacific,2021,0.768
east_asia_and_the_pacific,2022,0.773
east_asia_and_the_pacific,2023,0.775
europe_and_central_asia,1990,0.674
europe_and_central_asia,1991,0.671
europe_and_central_asia,1992,0.664
europe_and_central_asia,1993,0.659
europe_and_central_asia,1994,0.654
europe_and_central_asia,1995,0.658
europe_and_central_asia,1996,0.662
europe_and_central_asia,1997,0.668
europe_and_central_asia,1998,0.674
europe_and_central_asia,1999,0.676
europe_and_central_asia,2000,0.686
europe_and_central_asia,2001,0.693
europe_and_central_asia,2002,0.701
europe_and_central_asia,2003,0.709
europe_and_central_asia,2004,0.716
europe_and_central_asia,2005,0.72
europe_and_central_asia,2006,0.728
europe_and_central_asia,2007,0.736
europe_and_central_asia,2008,0.74
europe_and_central_asia,2009,0.742
europe_and_central_asia,2010,0.753
europe_and_central_asia,2011,0.761
europe_and_central_asia,2012,0.767
europe_and_central_asia,2013,0.78
europe_and_central_asia,2014,0.785
europe_and_central_asia,2015,0.789
europe_and_central_asia,2016,0.793
europe_and_central_asia,2017,0.8
europe_and_central_asia,2018,0.804
europe_and_central_asia,2019,0.808
europe_and_central_asia,2020,0.802
europe_and_central_asia,2021,0.803
europe_and_central_asia,2022,0.815
europe_and_central_asia,2023,0.818
latin_america_and_the_caribbean,1990,0.648
latin_america_and_the_caribbean,1991,0.653
latin_america_and_the_caribbean,1992,0.657
latin_america_and_the_caribbean,1993,0.661
latin_america_and_the_caribbean,1994,0.666
latin_america_and_the_caribbean,1995,0.67
latin_america_and_the_caribbean,1996,0.676
latin_america_and_the_caribbean,1997,0.683
latin_america_and_the_caribbean,1998,0.688
latin_america_and_the_caribbean,1999,0.692
latin_america_and_the_caribbean,2000,0.697
latin_america_and_the_caribbean,2001,0.702
latin_america_and_the_caribbean,2002,0.706
latin_america_and_the_caribbean,2003,0.711
latin_america_and_the_caribbean,2004,0.717
latin_america_and_the_caribbean,2005,0.723
latin_america_and_the_caribbean,2006,0.729
latin_america_and_the_caribbean,2007,0.736
latin_america_and_the_caribbean,2008,0.742
latin_america_and_the_caribbean,2009,0.743
latin_america_and_the_caribbean,2010,0.747
latin_america_and_the_caribbean,2011,0.753
latin_america_and_the_caribbean,2012,0.758
latin_america_and_the_caribbean,2013,0.762
latin_america_and_the_caribbean,2014,0.765
latin_america_and_the_caribbean,2015,0.767
latin_america_and_the_caribbean,2016,0.769
latin_america_and_the_caribbean,2017,0.772
latin_america_and_the_caribbean,2018,0.774
latin_america_and_the_caribbean,2019,0.776
latin_america_and_the_caribbean,2020,0.764
latin_america_and_the_caribbean,2021,0.762
latin_america_and_the_caribbean,2022,0.778
latin_america_and_the_caribbean,2023,0.783
south_asia,1990,0.454
south_asia,1991,0.458
south_asia,1992,0.464
south_asia,1993,0.468
south_asia,1994,0.472
south_asia,1995,0.478
south_asia,1996,0.484
south_asia,1997,0.49
south_asia,1998,0.496
south_asia,1999,0.503
south_asia,2000,0.508
south_asia,2001,0.517
south_asia,2002,0.523
south_asia,2003,0.535
south_asia,2004,0.543
south_asia,2005,0.552
south_asia,2006,0.561
south_asia,2007,0.569
south_asia,2008,0.575
south_asia,2009,0.58
south_asia,2010,0.59
south_asia,2011,0.601
south_asia,2012,0.606
south_asia,2013,0.611
south_asia,2014,0.62
south_asia,2015,0.627
south_asia,2016,0.637
south_asia,2017,0.641
south_asia,2018,0.642
south_asia,2019,0.645
south_asia,2020,0.645
south_asia,2021,0.641
south_asia,2022,0.665
south_asia,2023,0.672
sub_saharan_africa,1990,0.405
sub_saharan_africa,1991,0.409
sub_saharan_africa,1992,0.408
sub_saharan_africa,1993,0.411
sub_saharan_africa,1994,0.413
sub_saharan_africa,1995,0.42
sub_saharan_africa,1996,0.423
sub_saharan_africa,1997,0.427
sub_saharan_africa,1998,0.43
sub_saharan_africa,1999,0.433
sub_saharan_africa,2000,0.435
sub_saharan_africa,2001,0.441
sub_saharan_africa,2002,0.449
sub_saharan_africa,2003,0.457
sub_saharan_africa,2004,0.466
sub_saharan_africa,2005,0.473
sub_saharan_africa,2006,0.481
sub_saharan_africa,2007,0.489
sub_saharan_africa,2008,0.497
sub_saharan_africa,2009,0.503
sub_saharan_africa,2010,0.51
sub_saharan_africa,2011,0.517
sub_saharan_africa,2012,0.523
sub_saharan_africa,2013,0.528
sub_saharan_africa,2014,0.534
sub_saharan_africa,2015,0.54
sub_saharan_africa,2016,0.543
sub_saharan_africa,2017,0.546
sub_saharan_africa,2018,0.551
sub_saharan_africa,2019,0.557
sub_saharan_africa,2020,0.557
sub_saharan_africa,2021,0.558
sub_saharan_africa,2022,0.565
sub_saharan_africa,2023,0.568
world,1990,0.608
world,1991,0.611
world,1992,0.614
world,1993,0.617
world,1994,0.62
world,1995,0.625
world,1996,0.631
world,1997,0.636
world,1998,0.641
world,1999,0.646
world,2000,0.651
world,2001,0.657
world,2002,0.662
world,2003,0.669
world,2004,0.675
world,2005,0.681
world,2006,0.688
world,2007,0.694
world,2008,0.698
world,2009,0.701
world,2010,0.707
world,2011,0.713
world,2012,0.717
world,2013,0.721
world,2014,0.726
world,2015,0.731
world,2016,0.735
world,2017,0.739
world,2018,0.741
world,2019,0.745
world,2020,0.742
world,2021,0.742
world,2022,0.752
world,2023,0.756
